dtime,demand,pv,wi,jg,oze_total,net_demand
2024-06-14 00:00:00,15498.469,0.0,296.576,11946.3,296.576,15201.893
2024-06-14 00:15:00,16295.296,0.0,299.813,12132.16,299.813,15995.483
2024-06-14 00:30:00,15964.026,0.0,320.835,11786.202,320.835,15643.191
2024-06-14 00:45:00,15772.47,0.0,341.506,11517.423,341.506,15430.964
2024-06-14 01:00:00,15695.535,0.0,349.51,11421.267,349.51,15346.025
2024-06-14 01:15:00,15606.192,0.0,362.899,11552.064,362.899,15243.293
2024-06-14 01:30:00,15484.907,0.0,377.439,11128.23,377.439,15107.467999999999
2024-06-14 01:45:00,15248.14,0.0,410.292,11019.172,410.292,14837.848
2024-06-14 02:00:00,15028.914,0.0,426.197,10730.187,426.197,14602.717
2024-06-14 02:15:00,15183.921,0.0,447.621,9857.8,447.621,14736.300000000001
2024-06-14 02:30:00,15091.204,0.0,475.062,9880.292,475.062,14616.142
2024-06-14 02:45:00,15127.943,0.0,513.423,9779.03,513.423,14614.519999999999
2024-06-14 03:00:00,15076.365,0.0,546.125,9857.344,546.125,14530.24
2024-06-14 03:15:00,15084.898,0.0,565.065,9734.636,565.065,14519.832999999999
2024-06-14 03:30:00,14937.862,0.0,582.217,9710.136,582.217,14355.644999999999
2024-06-14 03:45:00,15006.777,0.0,603.566,9730.295,603.566,14403.211
2024-06-14 04:00:00,14935.127,0.0,632.607,9701.33,632.607,14302.52
2024-06-14 04:15:00,14605.809,28.924,649.218,9794.006,678.1419999999999,13927.667
2024-06-14 04:30:00,14827.973,44.439,636.279,9771.736,680.718,14147.255
2024-06-14 04:45:00,14959.012,231.455,651.319,9537.317,882.774,14076.238000000001
2024-06-14 05:00:00,15031.197,363.451,672.46,9454.8,1035.911,13995.286
2024-06-14 05:15:00,15315.997,479.917,658.276,9280.981,1138.193,14177.804
2024-06-14 05:30:00,15279.511,660.566,660.29,9161.037,1320.856,13958.655
2024-06-14 05:45:00,15498.209,853.018,650.209,9609.533,1503.2269999999999,13994.982
2024-06-14 06:00:00,16178.534,1119.455,633.391,10052.96,1752.846,14425.688
2024-06-14 06:15:00,17239.154,1461.899,633.749,10936.168,2095.648,15143.505999999998
2024-06-14 06:30:00,17745.166,1867.736,600.055,11084.738,2467.791,15277.375
2024-06-14 06:45:00,18148.678,2324.067,559.157,10967.397,2883.224,15265.454
2024-06-14 07:00:00,18781.096,2951.091,524.472,11039.5,3475.563,15305.533000000001
2024-06-14 07:15:00,19170.672,3565.086,478.485,12364.636,4043.571,15127.100999999999
2024-06-14 07:30:00,19464.719,4150.15,416.873,11998.739,4567.022999999999,14897.696000000002
2024-06-14 07:45:00,19752.316,4738.092,373.691,11599.154,5111.782999999999,14640.533
2024-06-14 08:00:00,19877.361,5375.156,334.716,11374.797,5709.872,14167.489000000001
2024-06-14 08:15:00,19948.828,5899.244,301.662,12084.024,6200.906,13747.922000000002
2024-06-14 08:30:00,20205.295,6599.953,261.968,11485.467,6861.921,13343.373999999998
2024-06-14 08:45:00,20056.176,6996.709,250.656,11038.179,7247.365,12808.811
2024-06-14 09:00:00,20091.02,7517.49,247.797,10472.627,7765.286999999999,12325.733
2024-06-14 09:15:00,19916.229,7928.09,248.526,9831.337,8176.616,11739.613
2024-06-14 09:30:00,20109.11,8274.85,275.327,9553.986,8550.177,11558.933
2024-06-14 09:45:00,19764.182,8651.933,308.246,9293.481,8960.179,10804.003
2024-06-14 10:00:00,19372.615,8865.841,332.348,8680.121,9198.189,10174.426000000001
2024-06-14 10:15:00,19150.678,9063.791,353.222,8272.203,9417.012999999999,9733.665
2024-06-14 10:30:00,19424.887,9171.715,361.269,7815.395,9532.984,9891.902999999998
2024-06-14 10:45:00,19258.002,9001.078,382.205,7734.154,9383.283,9874.719000000001
2024-06-14 11:00:00,19339.318,9231.481,371.485,7838.973,9602.966,9736.351999999999
2024-06-14 11:15:00,19227.135,9086.365,383.593,7795.461,9469.958,9757.176999999998
2024-06-14 11:30:00,19275.906,9190.125,385.784,7815.539,9575.909,9699.997
2024-06-14 11:45:00,19639.654,9263.847,382.86,8061.34,9646.707,9992.946999999998
2024-06-14 12:00:00,19356.44,8890.493,332.626,8133.537,9223.119,10133.320999999998
2024-06-14 12:15:00,19434.982,8758.342,337.527,8266.256,9095.869,10339.113
2024-06-14 12:30:00,19819.93,8810.978,349.171,8247.946,9160.149,10659.781
2024-06-14 12:45:00,19902.87,8696.921,368.567,8347.405,9065.488000000001,10837.381999999998
2024-06-14 13:00:00,19691.754,8318.83,380.675,8411.366,8699.505,10992.249000000002
2024-06-14 13:15:00,19846.152,8394.827,401.429,8630.168,8796.256,11049.895999999999
2024-06-14 13:30:00,19803.32,8094.754,452.281,8824.53,8547.035,11256.285
2024-06-14 13:45:00,19540.926,7951.519,481.86,8730.84,8433.379,11107.546999999999
2024-06-14 14:00:00,19074.477,7815.795,495.793,8503.008,8311.588,10762.889
2024-06-14 14:15:00,19453.1,7609.747,503.844,8919.227,8113.591,11339.508999999998
2024-06-14 14:30:00,19670.828,7627.882,505.451,8702.751,8133.333,11537.495000000003
2024-06-14 14:45:00,19889.229,7411.362,501.813,9171.86,7913.175,11976.054
2024-06-14 15:00:00,19406.43,7015.571,510.686,9217.63,7526.257,11880.173
2024-06-14 15:15:00,19617.055,6770.673,504.468,9629.2,7275.141,12341.914
2024-06-14 15:30:00,19785.15,6673.648,489.207,9779.059,7162.8550000000005,12622.295000000002
2024-06-14 15:45:00,19879.959,6445.789,496.401,9840.244,6942.19,12937.769
2024-06-14 16:00:00,20084.688,6239.338,476.874,9875.0,6716.2119999999995,13368.475999999999
2024-06-14 16:15:00,19730.482,5615.285,467.672,9399.833,6082.957,13647.525
2024-06-14 16:30:00,19917.752,5289.616,489.496,9810.739,5779.112,14138.64
2024-06-14 16:45:00,19808.924,4811.605,511.208,9726.535,5322.812999999999,14486.111
2024-06-14 17:00:00,19976.799,4477.413,545.895,10152.968,5023.307999999999,14953.491
2024-06-14 17:15:00,19870.64,4022.76,556.779,10062.833,4579.539000000001,15291.100999999999
2024-06-14 17:30:00,19793.678,3632.601,536.76,10716.608,4169.361,15624.317
2024-06-14 17:45:00,19847.555,3303.179,524.872,11221.317,3828.051,16019.504
2024-06-14 18:00:00,19594.318,2889.766,512.498,11073.7,3402.264,16192.054
2024-06-14 18:15:00,19706.402,2574.967,561.769,12005.25,3136.736,16569.665999999997
2024-06-14 18:30:00,19767.158,2211.772,520.456,12702.295,2732.228,17034.93
2024-06-14 18:45:00,19790.549,1925.77,491.22,13194.007,2416.99,17373.559
2024-06-14 19:00:00,19957.906,1630.796,475.593,13555.136,2106.389,17851.517
2024-06-14 19:15:00,19843.916,1304.659,484.738,12942.698,1789.3970000000002,18054.519
2024-06-14 19:30:00,19959.7,1031.949,509.641,13173.788,1541.5900000000001,18418.11
2024-06-14 19:45:00,20135.012,821.188,570.6,13403.062,1391.788,18743.224
2024-06-14 20:00:00,19954.344,638.775,645.518,13515.543,1284.2930000000001,18670.051
2024-06-14 20:15:00,19984.945,497.057,712.683,13844.253,1209.74,18775.204999999998
2024-06-14 20:30:00,19967.129,379.045,788.175,13905.843,1167.22,18799.909
2024-06-14 20:45:00,20030.408,261.87,868.494,13833.044,1130.364,18900.043999999998
2024-06-14 21:00:00,19855.549,198.69,992.042,13632.331,1190.732,18664.817
2024-06-14 21:15:00,19517.947,66.538,1126.947,12785.44,1193.485,18324.462
2024-06-14 21:30:00,19325.748,0.0,1293.187,12525.599,1293.187,18032.561
2024-06-14 21:45:00,19165.133,0.0,1391.483,11733.188,1391.483,17773.65
2024-06-14 22:00:00,18445.39,0.0,1531.378,11373.82,1531.378,16914.012
2024-06-14 22:15:00,18387.701,0.0,1650.395,11890.599,1650.395,16737.306
2024-06-14 22:30:00,17911.744,0.0,1787.693,11218.843,1787.693,16124.051
2024-06-14 22:45:00,17660.326,0.0,1904.464,10799.406,1904.464,15755.862000000001
2024-06-14 23:00:00,17455.684,0.0,1978.2,10615.794,1978.2,15477.484
2024-06-14 23:15:00,17022.889,0.0,2099.444,10624.113,2099.444,14923.445
2024-06-14 23:30:00,16660.764,0.0,2187.32,9847.82,2187.32,14473.444
2024-06-14 23:45:00,16153.603,0.0,2237.866,9276.807,2237.866,13915.737
2024-06-15 00:00:00,15836.618,0.0,2313.182,8841.243,2313.182,13523.436000000002
2024-06-15 00:15:00,15774.484,0.0,2372.653,8580.91,2372.653,13401.831
2024-06-15 00:30:00,15409.781,0.0,2445.505,8124.546,2445.505,12964.276000000002
2024-06-15 00:45:00,15140.661,0.0,2528.176,7948.476,2528.176,12612.485
2024-06-15 01:00:00,15087.787,0.0,2609.276,7985.145,2609.276,12478.511
2024-06-15 01:15:00,14837.227,0.0,2692.277,8514.158,2692.277,12144.95
2024-06-15 01:30:00,14664.608,0.0,2797.899,8056.723,2797.899,11866.709
2024-06-15 01:45:00,14660.613,0.0,2803.89,7967.524,2803.89,11856.723
2024-06-15 02:00:00,14467.732,0.0,2848.754,7868.838,2848.754,11618.978
2024-06-15 02:15:00,14382.734,0.0,2843.921,7870.034,2843.921,11538.813
2024-06-15 02:30:00,14270.155,0.0,2893.122,7706.922,2893.122,11377.033000000001
2024-06-15 02:45:00,14224.049,0.0,2993.536,7670.64,2993.536,11230.513
2024-06-15 03:00:00,14326.901,0.0,2959.442,7659.603,2959.442,11367.458999999999
2024-06-15 03:15:00,14270.223,0.0,2964.079,8074.87,2964.079,11306.144
2024-06-15 03:30:00,14059.673,0.0,2998.245,7929.576,2998.245,11061.428
2024-06-15 03:45:00,14100.042,0.0,3053.284,7861.124,3053.284,11046.758
2024-06-15 04:00:00,13892.752,0.0,3129.612,7679.932,3129.612,10763.14
2024-06-15 04:15:00,13896.456,62.971,3200.711,8024.866,3263.682,10632.774000000001
2024-06-15 04:30:00,13865.946,80.417,3300.429,7852.66,3380.846,10485.1
2024-06-15 04:45:00,13779.111,263.874,3358.021,7497.112,3621.8950000000004,10157.216
2024-06-15 05:00:00,13744.365,378.119,3448.185,7365.361,3826.304,9918.061
2024-06-15 05:15:00,13654.055,502.765,3491.059,7256.676,3993.824,9660.231
2024-06-15 05:30:00,13681.433,675.003,3457.922,6962.772,4132.925,9548.508000000002
2024-06-15 05:45:00,13600.245,845.165,3407.136,6616.133,4252.3009999999995,9347.944000000001
2024-06-15 06:00:00,13812.523,1064.589,3229.27,6475.935,4293.859,9518.663999999999
2024-06-15 06:15:00,14354.138,1361.564,2968.422,6730.563,4329.986,10024.152000000002
2024-06-15 06:30:00,14474.644,1793.929,2601.839,6375.712,4395.768,10078.876
2024-06-15 06:45:00,14695.224,2308.46,2210.085,6074.535,4518.545,10176.679
2024-06-15 07:00:00,15119.89,2959.1,1873.089,6316.082,4832.189,10287.701
2024-06-15 07:15:00,15500.783,3589.208,1623.964,6269.729,5213.1720000000005,10287.610999999999
2024-06-15 07:30:00,16112.331,4631.774,1470.278,6544.737,6102.052000000001,10010.278999999999
2024-06-15 07:45:00,16252.053,5172.117,1417.63,6772.999,6589.747,9662.306
2024-06-15 08:00:00,16587.713,5872.179,1380.52,6421.058,7252.6990000000005,9335.014
2024-06-15 08:15:00,16763.838,6613.215,1385.142,6833.211,7998.357,8765.481
2024-06-15 08:30:00,16925.762,7424.126,1524.81,6099.559,8948.936,7976.825999999999
2024-06-15 08:45:00,17201.35,7754.164,1674.691,5723.265,9428.855,7772.494999999999
2024-06-15 09:00:00,17298.795,8034.995,1689.871,5576.833,9724.866,7573.928999999998
2024-06-15 09:15:00,17475.893,7481.464,1926.88,6360.378,9408.344000000001,8067.548999999999
2024-06-15 09:30:00,17746.043,7973.569,2207.658,6043.876,10181.227,7564.816000000001
2024-06-15 09:45:00,17616.111,8077.035,2492.546,5792.025,10569.581,7046.530000000001
2024-06-15 10:00:00,17178.613,7982.66,2807.727,5736.403,10790.386999999999,6388.226000000002
2024-06-15 10:15:00,17633.229,8231.707,2936.629,6671.195,11168.336,6464.893
2024-06-15 10:30:00,17493.334,8320.536,3010.381,6355.153,11330.917,6162.4169999999995
2024-06-15 10:45:00,17763.186,8665.875,3211.991,6109.566,11877.866,5885.3200000000015
2024-06-15 11:00:00,17579.928,8335.236,3306.531,5757.169,11641.767,5938.161
2024-06-15 11:15:00,17527.908,8003.854,3265.035,5922.253,11268.889,6259.019
2024-06-15 11:30:00,17739.373,8060.254,3393.806,5904.337,11454.06,6285.313
2024-06-15 11:45:00,17562.676,7988.247,3366.106,6652.088,11354.353000000001,6208.3229999999985
2024-06-15 12:00:00,17528.844,7910.011,3210.451,5841.616,11120.462,6408.382000000001
2024-06-15 12:15:00,17722.58,7993.334,3195.222,5887.269,11188.556,6534.024000000001
2024-06-15 12:30:00,17542.084,7902.457,3099.96,5892.732,11002.417000000001,6539.666999999998
2024-06-15 12:45:00,17416.32,7656.194,3221.26,5723.747,10877.454000000002,6538.865999999998
2024-06-15 13:00:00,17526.258,7479.189,3205.83,5697.276,10685.019,6841.239000000001
2024-06-15 13:15:00,17302.94,7260.974,3205.777,5731.018,10466.751,6836.1889999999985
2024-06-15 13:30:00,17628.648,7454.619,3265.813,5648.101,10720.432,6908.216
2024-06-15 13:45:00,17464.623,7177.402,3148.193,5707.698,10325.595000000001,7139.027999999998
2024-06-15 14:00:00,17179.979,6868.67,3007.02,5903.534,9875.69,7304.288999999999
2024-06-15 14:15:00,17029.283,6764.002,3085.507,6663.593,9849.509,7179.773999999999
2024-06-15 14:30:00,17125.9,6720.789,3210.745,6209.314,9931.534,7194.366000000002
2024-06-15 14:45:00,17274.246,6542.438,3237.919,6278.655,9780.357,7493.888999999999
2024-06-15 15:00:00,17199.115,6071.556,3001.666,6865.925,9073.222,8125.893000000002
2024-06-15 15:15:00,17382.527,7132.537,3014.655,5421.143,10147.192000000001,7235.334999999997
2024-06-15 15:30:00,17109.22,6666.023,2854.626,5254.066,9520.649000000001,7588.571
2024-06-15 15:45:00,16934.73,6159.497,2688.795,5453.339,8848.292000000001,8086.437999999998
2024-06-15 16:00:00,16846.94,5893.839,2518.291,5843.608,8412.130000000001,8434.809999999998
2024-06-15 16:15:00,16973.053,5627.438,2418.491,6029.957,8045.929,8927.124
2024-06-15 16:30:00,17218.096,5480.426,2357.037,6382.635,7837.463,9380.633000000002
2024-06-15 16:45:00,17202.719,5329.541,2249.118,6885.664,7578.659,9624.060000000001
2024-06-15 17:00:00,16862.059,4630.86,2097.991,7331.957,6728.851,10133.208000000002
2024-06-15 17:15:00,17211.512,4642.455,2013.963,7662.133,6656.418,10555.094
2024-06-15 17:30:00,17231.84,3966.188,2038.71,7856.819,6004.898,11226.942
2024-06-15 17:45:00,17249.922,3783.124,1938.187,8668.103,5721.311,11528.610999999999
2024-06-15 18:00:00,17192.621,3284.631,1851.104,8863.272,5135.735,12056.885999999999
2024-06-15 18:15:00,17318.156,2993.34,1677.742,7375.782,4671.082,12647.073999999999
2024-06-15 18:30:00,17571.055,2706.002,1566.538,7744.62,4272.54,13298.515
2024-06-15 18:45:00,17451.092,2251.441,1457.104,8333.397,3708.545,13742.547
2024-06-15 19:00:00,17328.71,1739.137,1408.186,8620.944,3147.323,14181.386999999999
2024-06-15 19:15:00,17399.428,1506.631,1311.259,8504.291,2817.8900000000003,14581.538
2024-06-15 19:30:00,17543.477,1335.504,1378.66,9001.26,2714.1639999999998,14829.312999999998
2024-06-15 19:45:00,17392.045,990.552,1323.353,9075.401,2313.905,15078.139999999998
2024-06-15 20:00:00,17268.797,730.361,1258.807,9196.184,1989.1680000000001,15279.628999999999
2024-06-15 20:15:00,17176.78,559.378,1295.727,8831.308,1855.105,15321.675
2024-06-15 20:30:00,17024.535,373.0,1321.948,8824.36,1694.948,15329.587
2024-06-15 20:45:00,16876.488,248.368,1379.12,8870.842,1627.4879999999998,15249.000000000002
2024-06-15 21:00:00,16844.418,124.845,1416.438,8911.785,1541.2830000000001,15303.135000000002
2024-06-15 21:15:00,16748.006,48.539,1438.185,8793.419,1486.724,15261.282000000001
2024-06-15 21:30:00,16785.023,0.0,1527.847,8681.241,1527.847,15257.176000000001
2024-06-15 21:45:00,16822.37,0.0,1764.152,8486.636,1764.152,15058.217999999999
2024-06-15 22:00:00,16604.172,0.0,1913.185,8255.0,1913.185,14690.987
2024-06-15 22:15:00,16347.571,0.0,1924.814,8795.413,1924.814,14422.757
2024-06-15 22:30:00,16201.455,0.0,1867.92,8386.833,1867.92,14333.535
2024-06-15 22:45:00,15827.622,0.0,1884.582,8229.139,1884.582,13943.039999999999
2024-06-15 23:00:00,15494.62,0.0,1801.486,7841.394,1801.486,13693.134
2024-06-15 23:15:00,15246.752,0.0,1700.631,8017.149,1700.631,13546.121000000001
2024-06-15 23:30:00,14824.159,0.0,1650.168,7435.467,1650.168,13173.991
2024-06-15 23:45:00,14484.338,0.0,1594.285,7347.281,1594.285,12890.053
2024-06-16 00:00:00,14179.313,0.0,1494.878,7145.529,1494.878,12684.435
2024-06-16 00:15:00,13982.19,0.0,1506.921,7093.381,1506.921,12475.269
2024-06-16 00:30:00,13688.051,0.0,1459.562,6739.818,1459.562,12228.489
2024-06-16 00:45:00,13636.238,0.0,1480.665,6629.049,1480.665,12155.573
2024-06-16 01:00:00,13410.267,0.0,1428.124,6564.598,1428.124,11982.143
2024-06-16 01:15:00,13273.024,0.0,1382.881,6766.464,1382.881,11890.143
2024-06-16 01:30:00,13204.476,0.0,1347.209,6489.667,1347.209,11857.267
2024-06-16 01:45:00,12899.6,0.0,1298.838,6482.504,1298.838,11600.762
2024-06-16 02:00:00,12964.232,0.0,1247.841,6635.988,1247.841,11716.391
2024-06-16 02:15:00,12942.375,0.0,1229.882,6667.226,1229.882,11712.493
2024-06-16 02:30:00,12802.027,0.0,1226.838,6681.612,1226.838,11575.189
2024-06-16 02:45:00,12687.487,0.0,1192.552,6634.905,1192.552,11494.935
2024-06-16 03:00:00,12529.632,0.0,1132.644,6522.439,1132.644,11396.988
2024-06-16 03:15:00,12569.064,0.0,1105.556,6699.64,1105.556,11463.508
2024-06-16 03:30:00,12494.558,0.0,1123.95,6652.097,1123.95,11370.608
2024-06-16 03:45:00,12451.633,0.0,1127.557,6563.181,1127.557,11324.076
2024-06-16 04:00:00,12280.481,0.0,1093.794,6487.939,1093.794,11186.687
2024-06-16 04:15:00,12152.238,11.201,1084.96,6544.84,1096.161,11056.077
2024-06-16 04:30:00,11997.562,25.137,1081.536,6355.922,1106.673,10890.889
2024-06-16 04:45:00,11871.792,83.511,1075.36,6152.997,1158.8709999999999,10712.921
2024-06-16 05:00:00,11824.227,206.595,1077.204,6113.283,1283.799,10540.428
2024-06-16 05:15:00,11807.507,316.173,1119.49,6527.256,1435.663,10371.844
2024-06-16 05:30:00,11987.401,569.351,1134.169,6287.637,1703.52,10283.881
2024-06-16 05:45:00,12001.934,793.912,1127.143,6016.272,1921.055,10080.878999999999
2024-06-16 06:00:00,12094.263,1019.647,1158.213,5952.003,2177.86,9916.403
2024-06-16 06:15:00,12451.321,1255.315,1065.088,6654.67,2320.4030000000002,10130.918
2024-06-16 06:30:00,12584.412,1533.387,1004.57,6381.931,2537.957,10046.455
2024-06-16 06:45:00,12811.148,1844.662,954.561,6484.355,2799.223,10011.925
2024-06-16 07:00:00,12932.701,2276.053,853.239,6244.571,3129.292,9803.409
2024-06-16 07:15:00,13207.638,2639.982,805.141,6681.128,3445.123,9762.515000000001
2024-06-16 07:30:00,13655.73,3103.758,675.54,6680.055,3779.298,9876.432
2024-06-16 07:45:00,13695.603,3436.587,559.869,6704.546,3996.456,9699.146999999999
2024-06-16 08:00:00,14235.297,4103.717,499.937,6673.535,4603.6539999999995,9631.643
2024-06-16 08:15:00,14348.895,4286.293,436.535,6695.921,4722.8279999999995,9626.067000000001
2024-06-16 08:30:00,14292.445,4419.214,408.02,6764.194,4827.234,9465.211
2024-06-16 08:45:00,14470.306,4785.306,392.905,6489.352,5178.210999999999,9292.095000000001
2024-06-16 09:00:00,14897.487,5278.245,378.861,6355.496,5657.106,9240.381
2024-06-16 09:15:00,15159.305,5533.941,372.985,6383.86,5906.9259999999995,9252.379
2024-06-16 09:30:00,15157.79,5949.468,367.558,6231.244,6317.026,8840.764000000001
2024-06-16 09:45:00,15402.582,6364.097,364.026,6146.211,6728.123,8674.459
2024-06-16 10:00:00,15452.217,6442.118,377.057,6504.996,6819.175,8633.042000000001
2024-06-16 10:15:00,15464.386,6722.348,366.586,6892.797,7088.934,8375.452000000001
2024-06-16 10:30:00,15690.852,6914.612,363.463,6555.716,7278.075,8412.777000000002
2024-06-16 10:45:00,15706.324,7042.258,358.784,6512.632,7401.0419999999995,8305.282000000001
2024-06-16 11:00:00,15749.093,7150.411,346.503,6487.411,7496.914,8252.179
2024-06-16 11:15:00,15701.445,7212.311,373.254,6609.822,7585.565,8115.88
2024-06-16 11:30:00,15885.8,7366.313,409.744,6602.015,7776.057,8109.7429999999995
2024-06-16 11:45:00,15948.456,7472.429,386.466,6614.015,7858.895,8089.561
2024-06-16 12:00:00,15741.269,7329.003,405.792,7178.351,7734.795,8006.474
2024-06-16 12:15:00,15891.868,7475.242,398.099,7274.708,7873.341,8018.527
2024-06-16 12:30:00,15985.799,7514.436,370.492,7214.505,7884.928,8100.871000000001
2024-06-16 12:45:00,15848.24,7181.655,354.013,6790.667,7535.668,8312.572
2024-06-16 13:00:00,15994.195,7228.53,375.141,7001.726,7603.670999999999,8390.524000000001
2024-06-16 13:15:00,16024.134,7164.832,385.123,6838.79,7549.955,8474.179
2024-06-16 13:30:00,16087.486,7305.129,401.426,6808.847,7706.555,8380.931
2024-06-16 13:45:00,15939.534,7102.908,414.272,6757.408,7517.18,8422.354
2024-06-16 14:00:00,15695.17,6917.157,436.348,6773.202,7353.505,8341.665
2024-06-16 14:15:00,15845.944,6885.428,417.218,6464.711,7302.646,8543.297999999999
2024-06-16 14:30:00,15687.812,6734.982,423.139,6550.092,7158.121,8529.690999999999
2024-06-16 14:45:00,15770.546,6276.394,431.319,6714.852,6707.713000000001,9062.832999999999
2024-06-16 15:00:00,15740.013,6448.266,456.201,6674.237,6904.467,8835.546000000002
2024-06-16 15:15:00,15625.704,6190.58,414.987,6781.803,6605.567,9020.136999999999
2024-06-16 15:30:00,15595.61,6017.91,486.823,6832.137,6504.733,9090.877
2024-06-16 15:45:00,15485.607,5854.095,467.251,6724.763,6321.3460000000005,9164.260999999999
2024-06-16 16:00:00,15501.375,5614.261,444.924,6719.144,6059.185,9442.189999999999
2024-06-16 16:15:00,15411.129,5233.2,485.723,6715.543,5718.923,9692.206000000002
2024-06-16 16:30:00,15188.167,4940.5,485.415,6884.595,5425.915,9762.252
2024-06-16 16:45:00,15137.159,4769.245,482.398,7014.901,5251.643,9885.516
2024-06-16 17:00:00,15394.243,4626.827,456.244,7230.158,5083.071,10311.172
2024-06-16 17:15:00,15650.57,4400.758,434.261,7026.046,4835.019,10815.551
2024-06-16 17:30:00,15382.766,4009.609,451.964,7415.346,4461.573,10921.193
2024-06-16 17:45:00,15377.646,3519.839,455.004,8015.076,3974.843,11402.803
2024-06-16 18:00:00,15745.686,3230.013,482.959,8360.696,3712.9719999999998,12032.714
2024-06-16 18:15:00,15594.145,2777.206,557.529,6962.451,3334.735,12259.41
2024-06-16 18:30:00,15794.436,2243.084,608.27,7036.48,2851.354,12943.082
2024-06-16 18:45:00,15893.995,1898.8,629.77,7555.681,2528.5699999999997,13365.425000000001
2024-06-16 19:00:00,15841.294,1502.707,669.647,7996.116,2172.3540000000003,13668.939999999999
2024-06-16 19:15:00,16031.062,1206.891,620.662,8430.647,1827.553,14203.509
2024-06-16 19:30:00,16265.844,978.628,657.2,8726.024,1635.828,14630.016
2024-06-16 19:45:00,16246.731,783.77,735.825,8873.134,1519.595,14727.136
2024-06-16 20:00:00,16290.348,630.762,784.5,8884.32,1415.262,14875.086
2024-06-16 20:15:00,16403.475,622.003,794.556,9048.034,1416.5590000000002,14986.915999999997
2024-06-16 20:30:00,16351.101,438.083,848.419,9364.559,1286.502,15064.599
2024-06-16 20:45:00,16281.612,329.169,918.241,9292.807,1247.4099999999999,15034.202
2024-06-16 21:00:00,16249.981,276.102,954.301,9331.943,1230.403,15019.578
2024-06-16 21:15:00,16225.306,16.003,995.528,8907.359,1011.5310000000001,15213.775
2024-06-16 21:30:00,16170.258,0.0,1052.337,8916.914,1052.337,15117.921
2024-06-16 21:45:00,16049.295,0.0,1066.139,8933.129,1066.139,14983.156
2024-06-16 22:00:00,16004.727,0.0,1076.419,8791.528,1076.419,14928.308
2024-06-16 22:15:00,15945.941,0.0,1134.393,8569.188,1134.393,14811.548
2024-06-16 22:30:00,15691.528,0.0,1182.835,8408.112,1182.835,14508.693
2024-06-16 22:45:00,15453.923,0.0,1231.532,8174.25,1231.532,14222.391000000001
2024-06-16 23:00:00,15162.504,0.0,1262.87,7774.934,1262.87,13899.634000000002
2024-06-16 23:15:00,14715.033,0.0,1263.57,7804.343,1263.57,13451.463
2024-06-16 23:30:00,14590.568,0.0,1294.362,7509.822,1294.362,13296.205999999998
2024-06-16 23:45:00,14126.883,0.0,1307.5,7104.614,1307.5,12819.383
2024-06-17 00:00:00,14048.384,0.0,1284.473,6975.181,1284.473,12763.911
2024-06-17 00:15:00,13845.338,0.0,1282.23,7345.947,1282.23,12563.108
2024-06-17 00:30:00,13534.029,0.0,1311.25,6953.782,1311.25,12222.779
2024-06-17 00:45:00,13417.732,0.0,1334.835,6772.999,1334.835,12082.897
2024-06-17 01:00:00,13298.985,0.0,1356.398,6683.835,1356.398,11942.587000000001
2024-06-17 01:15:00,13182.54,0.0,1371.392,7096.119,1371.392,11811.148000000001
2024-06-17 01:30:00,13190.577,0.0,1378.155,6842.873,1378.155,11812.421999999999
2024-06-17 01:45:00,13011.53,0.0,1358.233,6636.557,1358.233,11653.297
2024-06-17 02:00:00,13027.042,0.0,1367.071,6644.1,1367.071,11659.971
2024-06-17 02:15:00,12984.115,0.0,1418.372,6830.207,1418.372,11565.743
2024-06-17 02:30:00,12965.536,0.0,1350.005,6904.166,1350.005,11615.530999999999
2024-06-17 02:45:00,12908.58,0.0,1361.866,6872.02,1361.866,11546.714
2024-06-17 03:00:00,12791.847,0.0,1328.281,6849.34,1328.281,11463.565999999999
2024-06-17 03:15:00,12947.239,0.0,1298.848,7124.621,1298.848,11648.391
2024-06-17 03:30:00,12838.499,0.0,1219.293,7147.219,1219.293,11619.206
2024-06-17 03:45:00,12654.806,0.0,1174.767,7166.172,1174.767,11480.039
2024-06-17 04:00:00,12679.206,0.0,1146.536,7262.055,1146.536,11532.67
2024-06-17 04:15:00,12726.365,23.184,1137.87,7522.031,1161.0539999999999,11565.311
2024-06-17 04:30:00,12714.661,35.344,1108.065,7490.597,1143.409,11571.252
2024-06-17 04:45:00,13182.811,290.073,1091.146,7730.448,1381.219,11801.592
2024-06-17 05:00:00,13127.656,398.325,1082.8,7659.376,1481.125,11646.531
2024-06-17 05:15:00,13500.169,506.265,1143.052,8218.254,1649.317,11850.851999999999
2024-06-17 05:30:00,13906.878,659.875,1096.513,8475.841,1756.388,12150.490000000002
2024-06-17 05:45:00,14255.362,828.895,1055.296,8755.01,1884.191,12371.170999999998
2024-06-17 06:00:00,15000.315,1048.375,943.06,9396.28,1991.435,13008.880000000001
2024-06-17 06:15:00,16167.886,1284.581,859.199,9492.438,2143.7799999999997,14024.106
2024-06-17 06:30:00,16913.613,1584.49,780.853,9797.505,2365.343,14548.27
2024-06-17 06:45:00,17542.602,2008.333,750.849,9689.312,2759.1820000000002,14783.419999999998
2024-06-17 07:00:00,18039.688,2548.06,640.849,9945.527,3188.909,14850.778999999999
2024-06-17 07:15:00,18729.979,3105.71,529.137,10960.954,3634.8469999999998,15095.132
2024-06-17 07:30:00,18883.09,3599.662,429.992,10925.311,4029.654,14853.436
2024-06-17 07:45:00,19241.143,4335.954,330.069,10609.253,4666.023,14575.119999999999
2024-06-17 08:00:00,19605.229,4897.988,271.047,10424.297,5169.035,14436.194
2024-06-17 08:15:00,19882.863,5689.258,241.23,10643.291,5930.487999999999,13952.375000000002
2024-06-17 08:30:00,20078.824,6369.09,218.521,10531.934,6587.611,13491.213
2024-06-17 08:45:00,20066.229,6944.142,201.484,9810.539,7145.626,12920.603
2024-06-17 09:00:00,20037.885,7577.096,201.887,9081.898,7778.982999999999,12258.901999999998
2024-06-17 09:15:00,20191.855,8238.611,214.449,9679.41,8453.060000000001,11738.794999999998
2024-06-17 09:30:00,19950.93,8768.083,204.94,8885.194,8973.023000000001,10977.907
2024-06-17 09:45:00,19944.416,9099.198,212.223,8788.497,9311.421,10632.995
2024-06-17 10:00:00,19454.84,9415.32,250.598,8266.169,9665.918,9788.922
2024-06-17 10:15:00,19268.064,9664.102,287.066,8071.97,9951.168000000001,9316.895999999997
2024-06-17 10:30:00,19549.482,9935.87,332.913,7790.393,10268.783000000001,9280.698999999999
2024-06-17 10:45:00,19572.082,10070.197,371.68,7601.146,10441.877,9130.204999999998
2024-06-17 11:00:00,19636.158,10153.292,437.211,7424.73,10590.502999999999,9045.655
2024-06-17 11:15:00,19712.756,10169.704,493.682,7628.378,10663.386,9049.37
2024-06-17 11:30:00,19678.092,10105.245,558.908,7549.093,10664.153,9013.939
2024-06-17 11:45:00,19569.043,9987.268,667.022,7456.755,10654.29,8914.753
2024-06-17 12:00:00,19957.738,10241.746,761.92,7692.22,11003.666,8954.072000000002
2024-06-17 12:15:00,19942.188,9622.643,832.515,7581.912,10455.158,9487.029999999999
2024-06-17 12:30:00,19994.168,9631.013,863.18,7846.403,10494.193000000001,9499.975
2024-06-17 12:45:00,19848.033,9525.576,913.177,7764.402,10438.752999999999,9409.28
2024-06-17 13:00:00,20070.84,9514.235,1012.302,7574.247,10526.537,9544.303
2024-06-17 13:15:00,20135.695,9377.8,1084.345,7813.62,10462.144999999999,9673.550000000001
2024-06-17 13:30:00,19954.705,9098.33,1080.082,7741.194,10178.412,9776.293000000001
2024-06-17 13:45:00,19668.738,9071.461,1177.58,7569.482,10249.041,9419.697000000002
2024-06-17 14:00:00,19160.82,8635.182,1082.888,7267.272,9718.07,9442.75
2024-06-17 14:15:00,19590.191,8725.514,1127.523,7306.676,9853.036999999998,9737.154
2024-06-17 14:30:00,19788.086,8411.427,1054.375,7967.767,9465.802,10322.284
2024-06-17 14:45:00,19638.873,7970.469,1160.805,7997.823,9131.274,10507.599
2024-06-17 15:00:00,19894.762,7949.281,1341.778,8189.429,9291.059,10603.703
2024-06-17 15:15:00,20019.941,7832.181,1346.131,8213.582,9178.312,10841.628999999999
2024-06-17 15:30:00,20079.742,7717.06,1195.003,8678.141,8912.063,11167.678999999998
2024-06-17 15:45:00,19764.146,7494.437,1184.624,8864.688,8679.061,11085.085000000001
2024-06-17 16:00:00,20021.502,7246.981,1157.252,9159.005,8404.233,11617.269
2024-06-17 16:15:00,19992.688,6650.043,1164.52,9190.183,7814.563,12178.124999999998
2024-06-17 16:30:00,19908.17,6370.267,1019.62,9682.984,7389.887,12518.283
2024-06-17 16:45:00,20289.342,6067.101,896.061,10332.734,6963.161999999999,13326.18
2024-06-17 17:00:00,20133.822,5373.977,952.075,10829.566,6326.052,13807.77
2024-06-17 17:15:00,20762.094,5470.993,949.223,9340.227,6420.216,14341.878
2024-06-17 17:30:00,20805.47,5086.709,898.748,10211.436,5985.457,14820.013
2024-06-17 17:45:00,20430.516,4240.931,833.617,11024.207,5074.548,15355.968
2024-06-17 18:00:00,20098.707,3701.502,884.076,10901.312,4585.5779999999995,15513.128999999999
2024-06-17 18:15:00,20048.164,2971.143,947.117,11315.901,3918.26,16129.904
2024-06-17 18:30:00,20422.824,2604.62,762.168,11841.547,3366.788,17056.036
2024-06-17 18:45:00,20601.137,2151.61,601.722,12794.765,2753.3320000000003,17847.805
2024-06-17 19:00:00,20459.904,1690.127,595.699,13167.491,2285.826,18174.077999999998
2024-06-17 19:15:00,20615.254,1379.405,506.64,13513.251,1886.045,18729.209000000003
2024-06-17 19:30:00,20884.7,1336.794,542.205,13900.979,1878.9990000000003,19005.701
2024-06-17 19:45:00,20892.01,1054.346,465.363,14204.592,1519.709,19372.301
2024-06-17 20:00:00,20805.227,882.825,529.242,14194.666,1412.067,19393.16
2024-06-17 20:15:00,20907.328,800.757,560.802,13664.186,1361.559,19545.769
2024-06-17 20:30:00,21096.41,826.979,389.473,13849.539,1216.452,19879.958
2024-06-17 20:45:00,20902.64,754.716,292.785,14009.978,1047.501,19855.139
2024-06-17 21:00:00,20661.348,439.095,338.861,13870.731,777.956,19883.392000000003
2024-06-17 21:15:00,20314.104,67.069,329.774,13887.024,396.843,19917.261
2024-06-17 21:30:00,20117.244,0.0,373.528,13622.595,373.528,19743.716
2024-06-17 21:45:00,19830.867,0.0,525.096,13307.805,525.096,19305.770999999997
2024-06-17 22:00:00,19246.873,0.0,516.183,12764.866,516.183,18730.69
2024-06-17 22:15:00,19144.393,0.0,486.262,13144.513,486.262,18658.131
2024-06-17 22:30:00,18930.793,0.0,470.123,12821.093,470.123,18460.670000000002
2024-06-17 22:45:00,18699.242,0.0,448.802,12427.247,448.802,18250.44
2024-06-17 23:00:00,18155.188,0.0,536.009,11959.467,536.009,17619.178999999996
2024-06-17 23:15:00,17761.63,0.0,560.97,12003.234,560.97,17200.66
2024-06-17 23:30:00,17232.98,0.0,581.64,11312.236,581.64,16651.34
2024-06-17 23:45:00,16887.137,0.0,647.352,10875.292,647.352,16239.784999999998
2024-06-18 00:00:00,16370.92,0.0,716.012,10540.439,716.012,15654.908
2024-06-18 00:15:00,16219.89,0.0,754.377,11133.349,754.377,15465.512999999999
2024-06-18 00:30:00,16108.695,0.0,791.554,10855.878,791.554,15317.141
2024-06-18 00:45:00,15805.886,0.0,809.239,10604.858,809.239,14996.647
2024-06-18 01:00:00,15840.321,0.0,866.251,10346.887,866.251,14974.07
2024-06-18 01:15:00,15602.305,0.0,959.248,10425.063,959.248,14643.057
2024-06-18 01:30:00,15456.388,0.0,992.106,10219.057,992.106,14464.282000000001
2024-06-18 01:45:00,15195.0,0.0,1028.647,9919.935,1028.647,14166.353
2024-06-18 02:00:00,14955.413,0.0,1054.109,9846.67,1054.109,13901.304
2024-06-18 02:15:00,15208.228,0.0,1121.81,9870.961,1121.81,14086.418
2024-06-18 02:30:00,14996.238,0.0,1214.193,9643.129,1214.193,13782.045
2024-06-18 02:45:00,15100.31,0.0,1291.336,9670.086,1291.336,13808.974
2024-06-18 03:00:00,15005.164,0.0,1365.884,9427.349,1365.884,13639.28
2024-06-18 03:15:00,14926.767,0.0,1372.916,9793.357,1372.916,13553.851
2024-06-18 03:30:00,14941.974,0.0,1431.461,9370.5,1431.461,13510.513
2024-06-18 03:45:00,14788.764,0.0,1399.982,9174.88,1399.982,13388.782
2024-06-18 04:00:00,14727.494,0.0,1400.807,9013.7,1400.807,13326.687
2024-06-18 04:15:00,14807.468,65.042,1397.944,9002.809,1462.9859999999999,13344.482
2024-06-18 04:30:00,14686.718,90.006,1339.73,8876.363,1429.736,13256.982
2024-06-18 04:45:00,14953.08,363.119,1292.788,8934.896,1655.9070000000002,13297.172999999999
2024-06-18 05:00:00,14892.003,461.877,1239.235,9091.652,1701.1119999999999,13190.891000000001
2024-06-18 05:15:00,15324.96,592.534,1201.218,9334.837,1793.752,13531.207999999999
2024-06-18 05:30:00,15323.071,754.193,1168.104,9184.818,1922.297,13400.774
2024-06-18 05:45:00,15599.347,954.249,1104.621,9447.701,2058.87,13540.476999999999
2024-06-18 06:00:00,16148.284,1171.29,1122.378,9616.253,2293.6679999999997,13854.616
2024-06-18 06:15:00,17310.729,1462.793,1006.913,10695.701,2469.706,14841.023
2024-06-18 06:30:00,17812.404,1794.841,854.617,10969.452,2649.4579999999996,15162.946
2024-06-18 06:45:00,18448.656,2191.087,699.822,10951.437,2890.909,15557.747
2024-06-18 07:00:00,19040.982,2753.435,540.01,10946.534,3293.4449999999997,15747.537
2024-06-18 07:15:00,19748.117,3319.312,390.56,11947.037,3709.872,16038.244999999999
2024-06-18 07:30:00,19896.076,3866.045,289.62,11808.205,4155.665,15740.411
2024-06-18 07:45:00,20251.6,4600.67,228.479,11331.779,4829.149,15422.450999999997
2024-06-18 08:00:00,20322.717,5132.861,196.392,11141.05,5329.253,14993.464
2024-06-18 08:15:00,20472.404,5838.937,188.075,11600.085,6027.012,14445.392
2024-06-18 08:30:00,20872.184,6644.783,176.749,10852.044,6821.532,14050.652000000002
2024-06-18 08:45:00,20869.709,7123.844,182.687,10257.468,7306.531,13563.178
2024-06-18 09:00:00,20933.023,7781.589,177.321,9775.176,7958.91,12974.113000000001
2024-06-18 09:15:00,20754.975,8321.897,191.05,10238.378,8512.947,12242.027999999998
2024-06-18 09:30:00,20725.162,8753.868,196.215,9975.293,8950.083,11775.079
2024-06-18 09:45:00,20600.992,9064.482,216.13,9317.838,9280.612,11320.38
2024-06-18 10:00:00,20271.29,9425.403,236.444,8861.777,9661.847,10609.443000000001
2024-06-18 10:15:00,19891.934,9676.496,284.792,8562.219,9961.287999999999,9930.646000000002
2024-06-18 10:30:00,19867.543,9645.061,316.676,8419.826,9961.737,9905.806000000002
2024-06-18 10:45:00,20489.867,10291.435,348.38,8438.145,10639.814999999999,9850.052
2024-06-18 11:00:00,19980.422,9919.87,369.057,8421.124,10288.927000000001,9691.494999999997
2024-06-18 11:15:00,19977.479,9878.998,374.829,8328.596,10253.827,9723.652
2024-06-18 11:30:00,20502.65,10416.479,395.901,8629.005,10812.38,9690.270000000002
2024-06-18 11:45:00,20207.43,10027.224,414.257,8615.739,10441.481,9765.949
2024-06-18 12:00:00,20539.848,10395.475,438.689,8677.5,10834.164,9705.684000000001
2024-06-18 12:15:00,20297.66,10091.231,471.525,8742.545,10562.756,9734.904
2024-06-18 12:30:00,20180.658,9775.831,511.446,8659.624,10287.277,9893.381
2024-06-18 12:45:00,20161.797,9624.392,508.288,8738.353,10132.68,10029.116999999998
2024-06-18 13:00:00,20379.572,9730.772,512.1,8760.526,10242.872000000001,10136.699999999999
2024-06-18 13:15:00,20490.156,9656.052,495.492,8923.533,10151.544,10338.612
2024-06-18 13:30:00,20634.035,9571.282,508.741,8919.325,10080.023,10554.012
2024-06-18 13:45:00,20294.78,9303.148,488.655,8956.232,9791.803,10502.976999999999
2024-06-18 14:00:00,19588.762,8925.699,461.425,8653.123,9387.124,10201.637999999999
2024-06-18 14:15:00,20023.973,9025.239,484.24,8871.138,9509.479,10514.494000000002
2024-06-18 14:30:00,19967.574,8796.159,523.645,9234.193,9319.804,10647.77
2024-06-18 14:45:00,20351.729,8957.441,517.458,9233.119,9474.899000000001,10876.829999999998
2024-06-18 15:00:00,20211.102,8771.01,544.764,9353.736,9315.774,10895.328
2024-06-18 15:15:00,20449.424,8623.57,516.706,8910.605,9140.276,11309.148
2024-06-18 15:30:00,20403.076,8463.891,535.087,9206.449,8998.978,11404.098000000002
2024-06-18 15:45:00,20501.252,8179.9,487.27,9191.498,8667.17,11834.082
2024-06-18 16:00:00,20403.678,7558.75,452.831,9384.212,8011.581,12392.097
2024-06-18 16:15:00,20552.752,7405.822,418.147,9562.897,7823.969,12728.783
2024-06-18 16:30:00,20556.67,7156.132,381.453,9972.614,7537.584999999999,13019.085
2024-06-18 16:45:00,20357.46,6192.034,341.54,10669.691,6533.574,13823.885999999999
2024-06-18 17:00:00,20554.842,5826.839,344.358,11211.676,6171.197,14383.645
2024-06-18 17:15:00,20548.61,5459.89,344.934,10105.987,5804.8240000000005,14743.786
2024-06-18 17:30:00,20601.29,5138.036,302.661,10594.235,5440.697,15160.593
2024-06-18 17:45:00,20616.693,4611.241,288.184,10778.218,4899.425,15717.268
2024-06-18 18:00:00,20400.56,4053.409,299.553,11233.418,4352.962,16047.598000000002
2024-06-18 18:15:00,20507.719,3432.056,287.051,10921.618,3719.107,16788.612
2024-06-18 18:30:00,20725.107,2924.974,377.644,11812.052,3302.6180000000004,17422.489
2024-06-18 18:45:00,21004.078,2408.472,343.793,12520.586,2752.2650000000003,18251.813000000002
2024-06-18 19:00:00,20986.162,1926.192,315.958,12998.667,2242.15,18744.012
2024-06-18 19:15:00,20853.285,1522.848,312.16,13590.671,1835.008,19018.277
2024-06-18 19:30:00,20914.234,1249.227,342.722,14056.086,1591.949,19322.285
2024-06-18 19:45:00,21032.396,1033.084,377.403,14397.593,1410.487,19621.909
2024-06-18 20:00:00,21066.773,893.074,400.794,14004.495,1293.868,19772.905000000002
2024-06-18 20:15:00,21050.18,699.529,487.775,13929.336,1187.304,19862.876
2024-06-18 20:30:00,21110.924,536.485,702.413,13876.529,1238.8980000000001,19872.025999999998
2024-06-18 20:45:00,20961.4,442.913,624.363,14181.296,1067.276,19894.124
2024-06-18 21:00:00,20788.105,351.157,713.458,14154.134,1064.615,19723.489999999998
2024-06-18 21:15:00,20515.385,84.484,942.095,13940.968,1026.579,19488.805999999997
2024-06-18 21:30:00,20336.006,0.001,1136.443,13298.888,1136.444,19199.562
2024-06-18 21:45:00,19905.201,0.0,1285.557,12649.887,1285.557,18619.644
2024-06-18 22:00:00,19319.104,0.0,1473.726,11955.539,1473.726,17845.378
2024-06-18 22:15:00,19151.365,0.0,1674.374,11312.038,1674.374,17476.991
2024-06-18 22:30:00,18765.135,0.0,2050.032,10799.302,2050.032,16715.103
2024-06-18 22:45:00,18286.002,0.0,2297.576,10169.251,2297.576,15988.426
2024-06-18 23:00:00,17805.723,0.0,2486.437,9418.141,2486.437,15319.286000000002
2024-06-18 23:15:00,17441.44,0.0,2531.437,9150.671,2531.437,14910.002999999999
2024-06-18 23:30:00,16859.463,0.0,2746.02,8453.476,2746.02,14113.443
2024-06-18 23:45:00,16566.123,0.0,2736.856,7896.219,2736.856,13829.267
2024-06-19 00:00:00,16190.781,0.0,3052.19,7685.875,3052.19,13138.591
2024-06-19 00:15:00,15969.448,0.0,3263.05,8789.378,3263.05,12706.398000000001
2024-06-19 00:30:00,15881.761,0.0,3521.588,8359.867,3521.588,12360.173
2024-06-19 00:45:00,15549.51,0.0,3673.547,7775.256,3673.547,11875.963
2024-06-19 01:00:00,15387.666,0.0,3733.729,7819.7,3733.729,11653.937
2024-06-19 01:15:00,15374.381,0.0,3754.687,8749.519,3754.687,11619.694
2024-06-19 01:30:00,15096.547,0.0,3469.938,8759.288,3469.938,11626.609
2024-06-19 01:45:00,15046.914,0.0,3504.826,8429.543,3504.826,11542.088
2024-06-19 02:00:00,14953.249,0.0,3560.66,8271.763,3560.66,11392.589
2024-06-19 02:15:00,14825.649,0.0,3600.197,8725.154,3600.197,11225.452
2024-06-19 02:30:00,14802.853,0.0,3627.743,8772.154,3627.743,11175.109999999999
2024-06-19 02:45:00,14810.34,0.0,3560.88,8816.149,3560.88,11249.46
2024-06-19 03:00:00,14828.896,0.0,3285.687,8928.643,3285.687,11543.209
2024-06-19 03:15:00,15002.991,0.0,3337.972,9241.262,3337.972,11665.019
2024-06-19 03:30:00,14867.294,0.0,3284.333,9239.741,3284.333,11582.961
2024-06-19 03:45:00,14738.694,0.0,3270.373,9132.837,3270.373,11468.321
2024-06-19 04:00:00,14706.911,0.0,3266.945,9202.879,3266.945,11439.966
2024-06-19 04:15:00,14828.363,74.587,3446.654,9126.595,3521.241,11307.122
2024-06-19 04:30:00,14842.284,75.977,3504.585,8988.58,3580.562,11261.722
2024-06-19 04:45:00,15051.037,324.184,3392.946,9105.261,3717.13,11333.907
2024-06-19 05:00:00,15203.937,411.109,3166.907,9113.976,3578.016,11625.921
2024-06-19 05:15:00,15391.182,476.944,3030.117,8887.37,3507.061,11884.121000000001
2024-06-19 05:30:00,15606.95,592.259,3020.654,8752.571,3612.913,11994.037
2024-06-19 05:45:00,15715.175,717.737,2945.703,9214.392,3663.44,12051.734999999999
2024-06-19 06:00:00,16239.567,887.523,2935.797,9361.903,3823.32,12416.247
2024-06-19 06:15:00,17420.371,1148.485,2747.305,9688.048,3895.79,13524.580999999998
2024-06-19 06:30:00,18141.746,1427.956,2668.422,10214.87,4096.378,14045.367999999999
2024-06-19 06:45:00,18521.205,1815.985,2560.55,10276.95,4376.535,14144.670000000002
2024-06-19 07:00:00,19129.523,2225.768,2355.159,10633.188,4580.927,14548.596000000001
2024-06-19 07:15:00,19716.012,2742.183,2159.641,11360.419,4901.8240000000005,14814.187999999998
2024-06-19 07:30:00,19892.639,3198.594,2068.189,11324.799,5266.782999999999,14625.856
2024-06-19 07:45:00,20110.834,3699.409,2007.511,11298.593,5706.92,14403.913999999999
2024-06-19 08:00:00,20198.158,4234.366,1985.576,10927.672,6219.942,13978.216
2024-06-19 08:15:00,20824.139,4739.125,1832.992,11394.278,6572.117,14252.021999999999
2024-06-19 08:30:00,20847.09,5104.409,1767.326,11210.305,6871.735,13975.355
2024-06-19 08:45:00,20867.568,5623.331,1792.031,10569.084,7415.362,13452.205999999998
2024-06-19 09:00:00,21012.832,5870.772,1759.287,10286.148,7630.059,13382.772999999997
2024-06-19 09:15:00,20638.836,6107.373,1880.259,11160.924,7987.632,12651.204
2024-06-19 09:30:00,20775.06,6579.114,1906.971,10766.704,8486.085,12288.975000000002
2024-06-19 09:45:00,20558.035,6630.61,1980.618,10793.106,8611.228,11946.807
2024-06-19 10:00:00,20515.014,7212.099,2029.844,10034.834,9241.943,11273.071
2024-06-19 10:15:00,20679.035,7576.782,2156.032,10173.846,9732.814,10946.221
2024-06-19 10:30:00,20690.88,7661.049,2135.169,9689.239,9796.218,10894.662
2024-06-19 10:45:00,20952.195,7745.302,2161.384,9705.645,9906.686,11045.509
2024-06-19 11:00:00,20693.129,7484.636,2291.991,9657.165,9776.627,10916.502
2024-06-19 11:15:00,21155.088,7957.678,2308.28,8909.339,10265.958,10889.13
2024-06-19 11:30:00,20657.975,7558.79,2215.015,8931.479,9773.805,10884.169999999998
2024-06-19 11:45:00,21113.844,7833.53,2088.703,9112.175,9922.233,11191.611
2024-06-19 12:00:00,21075.86,7908.322,2173.187,9659.965,10081.509,10994.351
2024-06-19 12:15:00,21097.146,7635.851,2113.256,8925.05,9749.107,11348.039
2024-06-19 12:30:00,21115.688,7595.987,2066.33,8926.676,9662.317,11453.371
2024-06-19 12:45:00,21004.7,7507.241,1938.101,9106.342,9445.342,11559.358
2024-06-19 13:00:00,20933.988,7378.516,1861.065,9778.538,9239.581,11694.407000000001
2024-06-19 13:15:00,21167.92,7468.769,1780.545,10147.241,9249.314,11918.605999999998
2024-06-19 13:30:00,21143.902,7238.087,1806.238,10382.205,9044.325,12099.576999999997
2024-06-19 13:45:00,21037.36,7341.619,1798.634,10251.17,9140.253,11897.107
2024-06-19 14:00:00,20683.344,7042.84,1827.82,9425.041,8870.66,11812.684000000001
2024-06-19 14:15:00,20618.506,6823.934,1831.351,9392.095,8655.285,11963.221000000001
2024-06-19 14:30:00,20968.047,6825.803,1801.058,10163.325,8626.861,12341.185999999998
2024-06-19 14:45:00,20981.111,6315.846,1856.478,10345.155,8172.324,12808.787
2024-06-19 15:00:00,20936.645,6194.147,1816.8,10524.991,8010.947,12925.698
2024-06-19 15:15:00,20858.16,5749.818,1706.066,10735.113,7455.884,13402.276
2024-06-19 15:30:00,20962.781,5353.266,1805.719,11089.323,7158.985,13803.795999999998
2024-06-19 15:45:00,20815.387,5078.065,1841.981,10909.24,6920.045999999999,13895.341
2024-06-19 16:00:00,20892.838,4836.63,1904.462,11370.395,6741.092000000001,14151.746
2024-06-19 16:15:00,20942.396,4421.104,2060.263,11018.541,6481.367,14461.029
2024-06-19 16:30:00,20920.086,3919.546,2209.818,11425.838,6129.364,14790.722
2024-06-19 16:45:00,20811.225,3463.992,2380.756,11767.44,5844.748,14966.476999999999
2024-06-19 17:00:00,20717.025,3296.453,2412.974,11446.742,5709.427,15007.598000000002
2024-06-19 17:15:00,20873.85,3047.859,2509.987,10971.656,5557.846,15316.003999999999
2024-06-19 17:30:00,20824.412,2542.113,2501.311,11382.837,5043.424,15780.988000000001
2024-06-19 17:45:00,21065.424,2391.443,2654.386,11549.352,5045.829,16019.595
2024-06-19 18:00:00,20833.648,2035.968,2716.11,11195.887,4752.078,16081.57
2024-06-19 18:15:00,20633.002,1621.759,2810.998,10855.17,4432.757,16200.245
2024-06-19 18:30:00,20681.6,1428.671,2834.481,11305.715,4263.152,16418.447999999997
2024-06-19 18:45:00,20838.48,1235.653,2809.735,11587.42,4045.388,16793.092
2024-06-19 19:00:00,20796.09,1046.608,2689.472,12028.282,3736.08,17060.010000000002
2024-06-19 19:15:00,20817.701,910.682,2555.764,12702.453,3466.446,17351.255
2024-06-19 19:30:00,20801.102,760.125,2347.813,12903.112,3107.938,17693.163999999997
2024-06-19 19:45:00,20924.63,665.844,2222.415,13189.755,2888.259,18036.371
2024-06-19 20:00:00,20943.332,635.786,2115.458,13378.1,2751.244,18192.088
2024-06-19 20:15:00,20964.518,573.932,2040.333,13529.652,2614.2650000000003,18350.253
2024-06-19 20:30:00,20855.84,512.227,2071.949,14144.549,2584.176,18271.664
2024-06-19 20:45:00,20686.922,492.217,2099.285,13865.239,2591.502,18095.42
2024-06-19 21:00:00,20698.82,561.509,2213.074,13759.207,2774.583,17924.237
2024-06-19 21:15:00,19961.2,110.146,2248.763,12792.502,2358.909,17602.291
2024-06-19 21:30:00,19631.121,0.0,2226.166,12251.085,2226.166,17404.954999999998
2024-06-19 21:45:00,19427.479,0.0,2403.586,11810.983,2403.586,17023.893
2024-06-19 22:00:00,18806.717,0.0,2429.863,11069.525,2429.863,16376.854000000001
2024-06-19 22:15:00,18643.41,0.0,2331.238,11286.598,2331.238,16312.172
2024-06-19 22:30:00,18238.1,0.0,2319.375,10692.373,2319.375,15918.724999999999
2024-06-19 22:45:00,17865.396,0.0,2426.945,10264.062,2426.945,15438.451000000001
2024-06-19 23:00:00,17408.812,0.0,2653.08,9863.928,2653.08,14755.732000000002
2024-06-19 23:15:00,17169.623,0.0,2671.817,10611.052,2671.817,14497.806
2024-06-19 23:30:00,16737.697,0.0,2834.965,9945.897,2834.965,13902.732
2024-06-19 23:45:00,16431.23,0.0,2883.554,9376.23,2883.554,13547.676
2024-06-20 00:00:00,16118.421,0.0,3095.096,9072.91,3095.096,13023.325
2024-06-20 00:15:00,15838.6,0.0,3152.492,9820.746,3152.492,12686.108
2024-06-20 00:30:00,15641.051,0.0,3155.195,9326.259,3155.195,12485.856
2024-06-20 00:45:00,15366.653,0.0,3175.258,9046.354,3175.258,12191.395
2024-06-20 01:00:00,15313.64,0.0,3067.212,8898.119,3067.212,12246.428
2024-06-20 01:15:00,15076.724,0.0,2913.409,9195.874,2913.409,12163.315
2024-06-20 01:30:00,15117.942,0.0,2945.757,8813.233,2945.757,12172.185
2024-06-20 01:45:00,14896.95,0.0,2967.79,8818.037,2967.79,11929.16
2024-06-20 02:00:00,14779.223,0.0,2953.393,8729.253,2953.393,11825.83
2024-06-20 02:15:00,14794.369,0.0,2889.299,9080.884,2889.299,11905.07
2024-06-20 02:30:00,14745.032,0.0,2909.411,9071.851,2909.411,11835.621
2024-06-20 02:45:00,14930.113,0.0,2833.693,9249.842,2833.693,12096.419999999998
2024-06-20 03:00:00,14820.306,0.0,2770.582,9156.239,2770.582,12049.724
2024-06-20 03:15:00,14767.096,0.0,2734.322,9274.294,2734.322,12032.774
2024-06-20 03:30:00,14636.036,0.0,2802.599,9251.358,2802.599,11833.437
2024-06-20 03:45:00,14669.257,0.0,2798.048,9378.19,2798.048,11871.208999999999
2024-06-20 04:00:00,14644.209,0.0,2838.196,9147.278,2838.196,11806.013
2024-06-20 04:15:00,14656.854,54.727,2857.71,9241.229,2912.437,11744.417
2024-06-20 04:30:00,14511.55,74.687,2835.945,9085.078,2910.632,11600.918
2024-06-20 04:45:00,14767.373,350.479,2787.545,9050.846,3138.024,11629.349
2024-06-20 05:00:00,14995.958,454.461,2686.313,8909.467,3140.7740000000003,11855.184000000001
2024-06-20 05:15:00,15143.249,570.63,2499.935,8872.832,3070.565,12072.684
2024-06-20 05:30:00,15305.099,733.931,2340.909,8880.037,3074.84,12230.259
2024-06-20 05:45:00,15559.138,909.437,2192.32,9495.769,3101.757,12457.381000000001
2024-06-20 06:00:00,15926.18,1081.718,2020.774,9824.366,3102.492,12823.688
2024-06-20 06:15:00,16971.777,1368.901,1818.023,9685.619,3186.924,13784.853
2024-06-20 06:30:00,17684.637,1746.615,1617.662,9685.564,3364.277,14320.359999999999
2024-06-20 06:45:00,18175.363,2144.37,1449.598,9647.338,3593.968,14581.395
2024-06-20 07:00:00,18623.227,2688.897,1307.645,9608.393,3996.542,14626.685
2024-06-20 07:15:00,19308.94,3292.864,1292.078,11545.97,4584.942,14723.998
2024-06-20 07:30:00,19621.672,4049.769,1327.283,11956.877,5377.052,14244.619999999999
2024-06-20 07:45:00,19767.2,4611.709,1296.383,11602.705,5908.092,13859.108
2024-06-20 08:00:00,19743.074,5006.638,1362.28,10825.942,6368.918,13374.156
2024-06-20 08:15:00,20122.055,5791.951,1441.811,10923.038,7233.762,12888.293000000001
2024-06-20 08:30:00,20353.248,6514.626,1451.783,10820.538,7966.409,12386.839
2024-06-20 08:45:00,20094.904,6804.165,1482.911,9966.694,8287.076000000001,11807.827999999998
2024-06-20 09:00:00,20081.654,7336.628,1541.024,9643.805,8877.652,11204.001999999999
2024-06-20 09:15:00,20290.523,7874.332,1554.403,9840.047,9428.735,10861.788
2024-06-20 09:30:00,20123.764,8197.682,1583.066,9495.133,9780.748000000001,10343.015999999998
2024-06-20 09:45:00,20145.797,8506.885,1609.776,9095.79,10116.661,10029.135999999999
2024-06-20 10:00:00,19648.904,8821.725,1626.163,8459.276,10447.888,9201.015999999998
2024-06-20 10:15:00,19546.432,9237.673,1548.51,8096.005,10786.183,8760.249
2024-06-20 10:30:00,19808.592,9581.284,1421.807,7591.657,11003.091,8805.501
2024-06-20 10:45:00,19763.176,9590.91,1368.791,7738.272,10959.701,8803.475
2024-06-20 11:00:00,19788.781,9823.648,1319.443,7787.57,11143.090999999999,8645.69
2024-06-20 11:15:00,19777.582,10184.455,1313.238,8185.34,11497.693,8279.889
2024-06-20 11:30:00,19697.441,10082.75,1296.131,8270.148,11378.881,8318.56
2024-06-20 11:45:00,19606.496,10362.553,1183.911,8778.461,11546.464,8060.031999999999
2024-06-20 12:00:00,19864.613,10700.273,1114.251,8782.436,11814.524,8050.089000000002
2024-06-20 12:15:00,19566.09,10607.085,1116.069,8144.251,11723.153999999999,7842.9360000000015
2024-06-20 12:30:00,19562.303,10535.621,1107.121,7950.546,11642.741999999998,7919.5610000000015
2024-06-20 12:45:00,19570.4,10548.904,1114.402,7763.161,11663.306,7907.094000000001
2024-06-20 13:00:00,19075.746,10242.217,1115.807,7797.965,11358.024000000001,7717.721999999998
2024-06-20 13:15:00,19417.117,10543.195,1053.675,8047.356,11596.869999999999,7820.246999999999
2024-06-20 13:30:00,19644.621,10931.576,1050.191,7908.879,11981.767,7662.853999999999
2024-06-20 13:45:00,19429.29,10841.112,1076.92,7853.522,11918.032,7511.258000000002
2024-06-20 14:00:00,19134.219,10914.375,1079.758,7515.924,11994.133,7140.086000000001
2024-06-20 14:15:00,19396.717,11021.252,1106.249,7276.854,12127.501,7269.216
2024-06-20 14:30:00,19766.174,10861.607,1055.924,7711.276,11917.530999999999,7848.643
2024-06-20 14:45:00,19622.03,10427.424,1052.457,7889.771,11479.881000000001,8142.148999999998
2024-06-20 15:00:00,19033.463,9669.376,1151.461,7641.097,10820.837,8212.626
2024-06-20 15:15:00,19721.783,10104.164,1187.404,7246.907,11291.568000000001,8430.214999999998
2024-06-20 15:30:00,19900.307,9814.121,1130.047,7505.206,10944.168,8956.139000000001
2024-06-20 15:45:00,19855.246,9382.79,1150.608,7939.781,10533.398000000001,9321.847999999998
2024-06-20 16:00:00,19913.648,8968.212,1184.495,7979.746,10152.706999999999,9760.941000000003
2024-06-20 16:15:00,19953.352,8625.766,1162.059,7412.173,9787.824999999999,10165.527
2024-06-20 16:30:00,19989.506,8157.738,1153.817,8072.137,9311.555,10677.951000000001
2024-06-20 16:45:00,20165.36,7503.057,1160.938,8948.906,8663.994999999999,11501.365000000002
2024-06-20 17:00:00,19904.44,6962.265,1122.097,9051.224,8084.362,11820.077999999998
2024-06-20 17:15:00,19989.777,6275.298,1094.172,9762.658,7369.469999999999,12620.306999999999
2024-06-20 17:30:00,20065.77,5695.166,1054.534,10469.748,6749.700000000001,13316.07
2024-06-20 17:45:00,20157.771,5046.562,963.711,11173.817,6010.273,14147.498
2024-06-20 18:00:00,20117.797,4378.449,864.163,11245.158,5242.611999999999,14875.185
2024-06-20 18:15:00,20113.793,3734.6,837.648,9350.465,4572.248,15541.545000000002
2024-06-20 18:30:00,20323.115,3017.855,770.067,10356.507,3787.922,16535.193000000003
2024-06-20 18:45:00,20311.588,2505.854,692.453,11598.932,3198.307,17113.281
2024-06-20 19:00:00,20436.758,2046.365,578.266,12018.439,2624.631,17812.127
2024-06-20 19:15:00,20631.178,1645.332,533.324,11295.579,2178.656,18452.522
2024-06-20 19:30:00,20653.219,1367.157,471.488,11809.844,1838.645,18814.574
2024-06-20 19:45:00,20775.674,1083.398,441.066,12485.921,1524.464,19251.21
2024-06-20 20:00:00,20655.678,884.676,408.939,12767.616,1293.615,19362.063
2024-06-20 20:15:00,20734.883,784.146,373.675,12325.088,1157.821,19577.062
2024-06-20 20:30:00,20912.018,646.944,367.398,12407.775,1014.342,19897.676
2024-06-20 20:45:00,20875.373,568.264,349.435,12554.688,917.6990000000001,19957.674
2024-06-20 21:00:00,20697.639,373.335,349.401,12582.195,722.736,19974.903
2024-06-20 21:15:00,20406.713,65.359,400.068,12482.967,465.42699999999996,19941.286
2024-06-20 21:30:00,20257.67,0.0,430.548,12283.069,430.548,19827.122
2024-06-20 21:45:00,19911.486,0.0,469.705,12084.306,469.705,19441.781
2024-06-20 22:00:00,19433.273,0.0,499.744,11544.354,499.744,18933.529000000002
2024-06-20 22:15:00,19295.469,0.0,465.056,11751.091,465.056,18830.413
2024-06-20 22:30:00,19019.898,0.0,457.553,11565.786,457.553,18562.345
2024-06-20 22:45:00,18702.46,0.0,442.428,11205.847,442.428,18260.032
2024-06-20 23:00:00,18299.172,0.0,471.914,10789.719,471.914,17827.257999999998
2024-06-20 23:15:00,17757.133,0.0,478.747,10929.616,478.747,17278.386000000002
2024-06-20 23:30:00,17572.264,0.0,471.707,10506.221,471.707,17100.557
2024-06-20 23:45:00,17057.83,0.0,472.549,10176.712,472.549,16585.281000000003
2024-06-21 00:00:00,16774.625,0.0,509.103,9738.949,509.103,16265.522
2024-06-21 00:15:00,16353.82,0.0,572.317,9968.095,572.317,15781.503
2024-06-21 00:30:00,16168.791,0.0,563.679,9714.893,563.679,15605.112
2024-06-21 00:45:00,15947.923,0.0,539.359,9440.8,539.359,15408.564
2024-06-21 01:00:00,15729.118,0.0,540.164,9320.882,540.164,15188.954
2024-06-21 01:15:00,15677.512,0.0,564.102,9592.282,564.102,15113.41
2024-06-21 01:30:00,15597.292,0.0,583.239,9408.227,583.239,15014.053
2024-06-21 01:45:00,15444.31,0.0,549.848,9148.353,549.848,14894.462
2024-06-21 02:00:00,15217.509,0.0,491.391,8863.415,491.391,14726.118
2024-06-21 02:15:00,15152.532,0.0,492.986,9449.433,492.986,14659.545999999998
2024-06-21 02:30:00,15128.744,0.0,474.18,9298.385,474.18,14654.564
2024-06-21 02:45:00,14930.417,0.0,487.026,9326.007,487.026,14443.391
2024-06-21 03:00:00,15005.363,0.0,475.74,9279.125,475.74,14529.623
2024-06-21 03:15:00,14976.965,0.0,448.427,9185.49,448.427,14528.538
2024-06-21 03:30:00,15014.058,0.0,473.556,9183.309,473.556,14540.502
2024-06-21 03:45:00,14817.984,0.0,465.753,9032.452,465.753,14352.231
2024-06-21 04:00:00,14761.494,0.0,467.437,8966.448,467.437,14294.057
2024-06-21 04:15:00,14677.464,54.832,484.298,9039.825,539.13,14138.334
2024-06-21 04:30:00,14858.598,80.076,474.882,9014.839,554.958,14303.64
2024-06-21 04:45:00,15070.155,382.929,470.251,9114.341,853.18,14216.975
2024-06-21 05:00:00,15124.484,478.568,439.384,8979.964,917.952,14206.532000000001
2024-06-21 05:15:00,15362.007,619.142,433.389,9325.997,1052.531,14309.475999999999
2024-06-21 05:30:00,15335.06,791.726,435.45,9100.655,1227.176,14107.884
2024-06-21 05:45:00,15681.634,990.945,470.59,9519.069,1461.535,14220.099
2024-06-21 06:00:00,16235.031,1259.454,501.577,9505.411,1761.031,14474.0
2024-06-21 06:15:00,17253.775,1581.504,522.289,10948.183,2103.7929999999997,15149.982000000002
2024-06-21 06:30:00,18050.396,1957.513,531.141,10860.508,2488.654,15561.742
2024-06-21 06:45:00,18522.244,2432.893,533.614,10740.743,2966.507,15555.737
2024-06-21 07:00:00,18965.209,2982.543,459.944,10633.079,3442.487,15522.721999999998
2024-06-21 07:15:00,19623.982,3613.852,384.578,10910.248,3998.43,15625.552
2024-06-21 07:30:00,19990.19,4327.34,360.833,10582.037,4688.173,15302.017
2024-06-21 07:45:00,20220.357,5066.511,270.442,10272.507,5336.953,14883.403999999999
2024-06-21 08:00:00,20308.59,5705.178,221.699,9802.072,5926.8769999999995,14381.713
2024-06-21 08:15:00,20671.385,6455.469,200.489,11063.437,6655.958,14015.427
2024-06-21 08:30:00,20716.387,7064.425,195.212,11425.965,7259.637000000001,13456.749999999998
2024-06-21 08:45:00,20764.406,7625.875,203.659,11395.974,7829.534,12934.872
2024-06-21 09:00:00,20665.88,8159.368,190.808,10340.039,8350.176,12315.704000000002
2024-06-21 09:15:00,20570.637,8616.575,214.193,10412.172,8830.768,11739.868999999999
2024-06-21 09:30:00,20366.078,8986.565,242.183,9778.47,9228.748,11137.330000000002
2024-06-21 09:45:00,20117.773,9443.591,240.357,9076.023,9683.948,10433.825
2024-06-21 10:00:00,19910.15,9761.824,247.052,9174.628,10008.876,9901.274000000001
2024-06-21 10:15:00,19780.734,10151.266,234.729,9743.9,10385.994999999999,9394.739000000001
2024-06-21 10:30:00,20078.816,10539.164,218.839,9387.223,10758.003,9320.812999999998
2024-06-21 10:45:00,20055.521,10710.276,240.395,9261.485,10950.671,9104.85
2024-06-21 11:00:00,20161.127,10887.935,255.594,9026.055,11143.528999999999,9017.598000000002
2024-06-21 11:15:00,20213.7,11178.374,249.125,9618.295,11427.499,8786.201000000001
2024-06-21 11:30:00,20173.188,11303.345,247.577,9522.664,11550.921999999999,8622.266
2024-06-21 11:45:00,20154.918,11353.649,244.721,9227.437,11598.369999999999,8556.548000000003
2024-06-21 12:00:00,20351.23,11582.16,249.226,9460.996,11831.386,8519.844
2024-06-21 12:15:00,20357.4,11555.434,276.936,8448.511,11832.369999999999,8525.030000000002
2024-06-21 12:30:00,20174.445,11466.249,263.532,8126.656,11729.780999999999,8444.664
2024-06-21 12:45:00,20247.432,11419.175,260.825,8208.428,11680.0,8567.432
2024-06-21 13:00:00,20535.182,11365.435,251.068,8182.212,11616.502999999999,8918.679000000002
2024-06-21 13:15:00,20542.004,11404.804,240.12,7969.07,11644.924,8897.08
2024-06-21 13:30:00,20286.762,11024.724,238.569,7974.322,11263.293,9023.469
2024-06-21 13:45:00,20059.44,10872.918,224.292,8176.6,11097.21,8962.23
2024-06-21 14:00:00,20066.686,10831.018,228.002,8012.086,11059.02,9007.666000000001
2024-06-21 14:15:00,20103.924,10450.08,232.149,8035.195,10682.229,9421.695
2024-06-21 14:30:00,20420.648,10230.073,202.589,8178.438,10432.662,9987.986
2024-06-21 14:45:00,20596.82,9970.489,201.503,8197.32,10171.992,10424.828
2024-06-21 15:00:00,20494.236,9625.736,235.649,8643.37,9861.385,10632.851
2024-06-21 15:15:00,20857.686,9369.621,274.188,8685.849,9643.809,11213.877000000002
2024-06-21 15:30:00,20689.121,8843.89,308.938,9387.65,9152.828,11536.293
2024-06-21 15:45:00,20852.988,8428.49,361.457,9578.126,8789.947,12063.041000000001
2024-06-21 16:00:00,20923.322,7887.587,378.726,10078.677,8266.313,12657.009
2024-06-21 16:15:00,21164.154,7547.558,445.609,10431.845,7993.167,13170.986999999997
2024-06-21 16:30:00,21085.305,6789.967,462.836,11048.636,7252.803,13832.502
2024-06-21 16:45:00,20917.2,6096.091,508.841,11359.884,6604.932000000001,14312.268
2024-06-21 17:00:00,21146.785,5708.008,561.038,11586.818,6269.046,14877.739
2024-06-21 17:15:00,20950.666,5083.876,608.639,11032.02,5692.515,15258.151000000002
2024-06-21 17:30:00,21054.82,4600.157,681.519,11227.782,5281.676,15773.144
2024-06-21 17:45:00,21063.21,3911.91,770.283,11902.688,4682.193,16381.017
2024-06-21 18:00:00,20742.633,3239.958,836.69,12258.878,4076.648,16665.985
2024-06-21 18:15:00,20564.746,2686.865,952.198,11325.694,3639.0629999999996,16925.683
2024-06-21 18:30:00,20744.191,2306.579,959.467,12085.286,3266.0460000000003,17478.144999999997
2024-06-21 18:45:00,20737.168,1807.504,1071.618,12467.278,2879.122,17858.046000000002
2024-06-21 19:00:00,20934.195,1529.085,1293.555,12828.722,2822.6400000000003,18111.555
2024-06-21 19:15:00,20841.121,1228.912,1454.355,12553.872,2683.267,18157.854
2024-06-21 19:30:00,20586.1,1022.412,1609.369,12574.678,2631.781,17954.319
2024-06-21 19:45:00,20630.688,862.623,1668.767,12347.29,2531.3900000000003,18099.298
2024-06-21 20:00:00,20490.963,683.281,1695.677,12630.129,2378.9579999999996,18112.005
2024-06-21 20:15:00,20589.941,561.114,1756.647,12709.477,2317.761,18272.18
2024-06-21 20:30:00,20506.205,496.339,1790.081,12549.201,2286.42,18219.785000000003
2024-06-21 20:45:00,20330.232,387.929,1776.129,12524.894,2164.058,18166.174
2024-06-21 21:00:00,20239.969,324.448,1885.487,12279.38,2209.935,18030.034
2024-06-21 21:15:00,19689.078,84.728,2054.239,12277.572,2138.967,17550.111
2024-06-21 21:30:00,19650.604,0.0,2389.188,11834.899,2389.188,17261.415999999997
2024-06-21 21:45:00,19490.154,0.0,2828.114,11231.249,2828.114,16662.039999999997
2024-06-21 22:00:00,19006.814,0.0,3064.45,10794.028,3064.45,15942.363999999998
2024-06-21 22:15:00,18965.84,0.0,3145.654,10810.243,3145.654,15820.186
2024-06-21 22:30:00,18578.44,0.0,3068.92,10529.626,3068.92,15509.519999999999
2024-06-21 22:45:00,18196.424,0.0,3075.627,9929.689,3075.627,15120.796999999999
2024-06-21 23:00:00,17761.578,0.0,3133.089,9430.359,3133.089,14628.489000000001
2024-06-21 23:15:00,17315.82,0.0,3151.238,9877.552,3151.238,14164.582
2024-06-21 23:30:00,17097.646,0.0,3314.406,9091.858,3314.406,13783.240000000002
2024-06-21 23:45:00,16606.766,0.0,3464.582,8603.021,3464.582,13142.184
2024-06-22 00:00:00,16239.996,0.0,3428.412,8298.554,3428.412,12811.583999999999
2024-06-22 00:15:00,16188.31,0.0,3322.197,8942.509,3322.197,12866.113
2024-06-22 00:30:00,16019.758,0.0,3416.277,8726.031,3416.277,12603.481
2024-06-22 00:45:00,15657.533,0.0,3387.631,8274.057,3387.631,12269.902
2024-06-22 01:00:00,15523.101,0.0,3241.794,8430.97,3241.794,12281.307
2024-06-22 01:15:00,15284.039,0.0,3196.012,9063.572,3196.012,12088.027
2024-06-22 01:30:00,15190.086,0.0,3102.769,8677.388,3102.769,12087.317
2024-06-22 01:45:00,15144.58,0.0,2968.05,8755.906,2968.05,12176.529999999999
2024-06-22 02:00:00,14948.106,0.0,2975.917,8808.745,2975.917,11972.189
2024-06-22 02:15:00,14882.649,0.0,2999.025,8686.08,2999.025,11883.624
2024-06-22 02:30:00,14617.772,0.0,2944.672,8784.769,2944.672,11673.1
2024-06-22 02:45:00,14683.442,0.0,2807.783,8955.629,2807.783,11875.659
2024-06-22 03:00:00,14662.557,0.0,2782.562,8560.409,2782.562,11879.995
2024-06-22 03:15:00,14939.558,0.0,2871.223,8733.645,2871.223,12068.335000000001
2024-06-22 03:30:00,14733.317,0.0,2926.802,8591.417,2926.802,11806.515
2024-06-22 03:45:00,14604.194,0.0,2963.577,8276.348,2963.577,11640.616999999998
2024-06-22 04:00:00,14436.348,0.0,2885.41,8538.176,2885.41,11550.938
2024-06-22 04:15:00,14415.42,52.063,2966.613,8286.67,3018.676,11396.744
2024-06-22 04:30:00,14294.246,61.553,2947.972,7926.954,3009.525,11284.721
2024-06-22 04:45:00,14204.447,135.978,2855.741,7841.933,2991.719,11212.728
2024-06-22 05:00:00,14523.46,340.683,2763.155,7894.436,3103.838,11419.622
2024-06-22 05:15:00,14470.517,412.875,2763.677,7612.158,3176.552,11293.965
2024-06-22 05:30:00,14383.399,517.146,2638.77,7601.95,3155.916,11227.483
2024-06-22 05:45:00,14357.14,629.778,2487.397,7343.014,3117.175,11239.965
2024-06-22 06:00:00,14264.837,797.917,2412.206,7243.44,3210.123,11054.714
2024-06-22 06:15:00,14822.919,911.004,2620.744,7631.97,3531.748,11291.171
2024-06-22 06:30:00,15170.849,1074.093,2471.825,7760.951,3545.9179999999997,11624.931
2024-06-22 06:45:00,15315.443,1247.25,2554.126,7713.39,3801.376,11514.067
2024-06-22 07:00:00,15630.501,1492.047,2606.073,7614.299,4098.12,11532.381000000001
2024-06-22 07:15:00,16218.909,1773.814,2503.04,8732.199,4276.854,11942.055
2024-06-22 07:30:00,16453.861,2062.044,2059.746,9125.133,4121.79,12332.071
2024-06-22 07:45:00,16718.861,2435.018,1723.147,9227.577,4158.165,12560.696
2024-06-22 08:00:00,17166.025,2783.289,1699.155,8965.586,4482.444,12683.581000000002
2024-06-22 08:15:00,17446.018,3039.858,1577.753,10283.708,4617.611,12828.407
2024-06-22 08:30:00,17624.135,3294.822,1652.826,10028.986,4947.648,12676.486999999997
2024-06-22 08:45:00,18035.936,3557.557,1706.555,10115.937,5264.112,12771.824
2024-06-22 09:00:00,17861.127,3775.643,1592.657,9985.029,5368.3,12492.827000000001
2024-06-22 09:15:00,18131.887,3986.454,1576.586,9686.01,5563.04,12568.846999999998
2024-06-22 09:30:00,18163.88,4135.41,1346.154,9533.94,5481.564,12682.316
2024-06-22 09:45:00,18183.598,4300.583,1402.368,9496.677,5702.950999999999,12480.647000000003
2024-06-22 10:00:00,18437.111,4361.99,1704.773,9313.232,6066.763,12370.348000000002
2024-06-22 10:15:00,18408.434,4489.974,2010.583,8933.101,6500.557000000001,11907.877
2024-06-22 10:30:00,18633.574,4930.081,2209.582,8916.505,7139.6630000000005,11493.911
2024-06-22 10:45:00,18579.477,4955.635,2538.273,8811.64,7493.908,11085.569
2024-06-22 11:00:00,18471.879,4553.133,2888.909,8317.567,7442.0419999999995,11029.837000000001
2024-06-22 11:15:00,18587.053,5031.21,2979.592,7788.063,8010.802,10576.251
2024-06-22 11:30:00,18907.242,5319.875,3164.119,7486.74,8483.994,10423.247999999998
2024-06-22 11:45:00,18892.025,5398.333,3127.505,7470.662,8525.838,10366.187000000002
2024-06-22 12:00:00,18849.895,5581.093,3312.667,7541.749,8893.76,9956.135
2024-06-22 12:15:00,18656.086,5527.749,3667.84,7531.768,9195.589,9460.497
2024-06-22 12:30:00,18385.307,5550.046,3771.139,7527.638,9321.185000000001,9064.122
2024-06-22 12:45:00,18200.877,5799.823,4180.707,7041.585,9980.53,8220.347
2024-06-22 13:00:00,17893.494,5736.373,4322.302,6720.923,10058.675,7834.8189999999995
2024-06-22 13:15:00,17886.629,5988.604,4468.339,6648.01,10456.943,7429.6860000000015
2024-06-22 13:30:00,17503.96,5834.721,4554.201,6116.723,10388.921999999999,7115.0380000000005
2024-06-22 13:45:00,17162.19,6213.557,5110.642,5957.766,11324.199,5837.990999999998
2024-06-22 14:00:00,17217.887,6814.42,5162.683,5791.402,11977.103,5240.784
2024-06-22 14:15:00,17094.787,6926.376,5207.443,5706.241,12133.819,4960.968000000001
2024-06-22 14:30:00,16915.236,6725.648,5448.621,5415.293,12174.269,4740.967000000001
2024-06-22 14:45:00,16894.879,7140.566,5270.66,5404.199,12411.225999999999,4483.653000000002
2024-06-22 15:00:00,17126.316,7031.396,5261.938,5585.314,12293.333999999999,4832.982
2024-06-22 15:15:00,17069.945,5951.237,5219.318,5737.403,11170.555,5899.389999999999
2024-06-22 15:30:00,17478.076,6216.915,5249.22,6116.564,11466.135,6011.941000000001
2024-06-22 15:45:00,17314.98,5817.697,5307.859,6150.613,11125.556,6189.423999999999
2024-06-22 16:00:00,17383.283,5905.165,5268.461,6034.662,11173.626,6209.656999999999
2024-06-22 16:15:00,17243.336,5614.276,5292.228,5992.843,10906.504,6336.8319999999985
2024-06-22 16:30:00,17251.412,5435.326,5170.006,6061.146,10605.332,6646.08
2024-06-22 16:45:00,17554.543,5592.83,4888.209,6490.125,10481.039,7073.504000000001
2024-06-22 17:00:00,17561.346,4949.376,4908.926,6526.551,9858.302,7703.044000000002
2024-06-22 17:15:00,17342.055,4267.566,5025.167,6502.215,9292.733,8049.322
2024-06-22 17:30:00,17401.182,4255.967,4816.432,6605.994,9072.399,8328.783000000001
2024-06-22 17:45:00,17616.045,3785.926,4784.267,6878.728,8570.193,9045.851999999999
2024-06-22 18:00:00,17391.059,3361.179,4503.711,7755.556,7864.89,9526.169000000002
2024-06-22 18:15:00,17459.51,3381.025,4356.562,7024.82,7737.5869999999995,9721.922999999999
2024-06-22 18:30:00,17845.363,3215.89,4096.122,7414.502,7312.012000000001,10533.351
2024-06-22 18:45:00,18031.94,2882.16,4039.223,8124.811,6921.383,11110.556999999999
2024-06-22 19:00:00,17680.965,2279.1,3925.89,8561.545,6204.99,11475.975
2024-06-22 19:15:00,17633.168,1655.098,3689.224,7962.805,5344.322,12288.846000000001
2024-06-22 19:30:00,17468.695,1306.287,3460.255,8795.923,4766.542,12702.152999999998
2024-06-22 19:45:00,17413.178,1071.562,3358.831,9305.351,4430.393,12982.785
2024-06-22 20:00:00,17539.252,935.734,3345.637,9379.407,4281.371,13257.881000000001
2024-06-22 20:15:00,17615.639,833.227,3127.289,9573.208,3960.516,13655.123
2024-06-22 20:30:00,16918.414,465.112,3018.859,9815.204,3483.971,13434.443000000001
2024-06-22 20:45:00,17082.537,327.786,3046.175,10335.098,3373.9610000000002,13708.576000000001
2024-06-22 21:00:00,16966.95,140.769,2958.812,10531.06,3099.581,13867.369
2024-06-22 21:15:00,16887.465,46.073,2935.047,10297.538,2981.12,13906.345000000001
2024-06-22 21:30:00,16905.11,0.0,2889.504,10194.896,2889.504,14015.606
2024-06-22 21:45:00,16769.371,0.0,2901.49,10005.511,2901.49,13867.881
2024-06-22 22:00:00,16810.305,0.0,2906.69,9948.776,2906.69,13903.615
2024-06-22 22:15:00,16465.193,0.0,2911.098,9262.431,2911.098,13554.095
2024-06-22 22:30:00,16221.794,0.0,2856.743,9160.433,2856.743,13365.051
2024-06-22 22:45:00,16067.362,0.0,2862.901,8847.652,2862.901,13204.461
2024-06-22 23:00:00,15606.599,0.0,2919.436,8487.39,2919.436,12687.163
2024-06-22 23:15:00,15347.003,0.0,2947.428,9223.841,2947.428,12399.575
2024-06-22 23:30:00,14851.045,0.0,3030.567,8598.069,3030.567,11820.478
2024-06-22 23:45:00,14658.823,0.0,3096.026,8331.51,3096.026,11562.797
2024-06-23 00:00:00,14337.143,0.0,3188.368,7852.819,3188.368,11148.775
2024-06-23 00:15:00,14318.951,0.0,3294.507,8341.521,3294.507,11024.444
2024-06-23 00:30:00,13946.668,0.0,3323.065,7872.104,3323.065,10623.603
2024-06-23 00:45:00,13744.683,0.0,3369.956,7450.41,3369.956,10374.727
2024-06-23 01:00:00,13527.649,0.0,3308.802,7505.071,3308.802,10218.847
2024-06-23 01:15:00,13329.832,0.0,3370.803,7430.462,3370.803,9959.029
2024-06-23 01:30:00,13180.274,0.0,3390.498,7057.188,3390.498,9789.776
2024-06-23 01:45:00,12942.061,0.0,3334.779,6978.08,3334.779,9607.282
2024-06-23 02:00:00,13035.524,0.0,3413.735,7003.71,3413.735,9621.788999999999
2024-06-23 02:15:00,12771.523,0.0,3529.749,6651.856,3529.749,9241.774
2024-06-23 02:30:00,12759.852,0.0,3640.627,6610.135,3640.627,9119.225
2024-06-23 02:45:00,12802.268,0.0,3683.468,6521.6,3683.468,9118.8
2024-06-23 03:00:00,12729.678,0.0,3748.841,6463.916,3748.841,8980.837
2024-06-23 03:15:00,12700.544,0.0,3887.657,6814.019,3887.657,8812.886999999999
2024-06-23 03:30:00,12729.589,0.0,4056.625,6591.553,4056.625,8672.964
2024-06-23 03:45:00,12567.756,0.0,4038.398,6426.119,4038.398,8529.358
2024-06-23 04:00:00,12570.114,0.0,4029.498,5992.61,4029.498,8540.616
2024-06-23 04:15:00,12382.731,24.36,4028.708,6225.899,4053.068,8329.663
2024-06-23 04:30:00,12163.993,34.663,4028.342,6124.963,4063.005,8100.988
2024-06-23 04:45:00,12022.393,85.131,3941.339,6177.93,4026.47,7995.923000000001
2024-06-23 05:00:00,12217.407,160.062,4049.818,5886.992,4209.88,8007.526999999999
2024-06-23 05:15:00,12164.331,265.875,4001.372,5912.176,4267.246999999999,7897.084000000001
2024-06-23 05:30:00,12102.859,452.352,3942.258,5813.133,4394.61,7708.249000000001
2024-06-23 05:45:00,12045.423,623.074,3895.224,5691.688,4518.298,7527.125000000001
2024-06-23 06:00:00,12227.593,883.575,3801.583,5611.158,4685.158,7542.435
2024-06-23 06:15:00,12376.216,1155.985,3689.829,6014.735,4845.814,7530.402
2024-06-23 06:30:00,12723.909,1595.45,3440.991,6149.575,5036.441,7687.468
2024-06-23 06:45:00,12969.146,2102.493,3403.945,5986.556,5506.438,7462.7080000000005
2024-06-23 07:00:00,13160.415,2559.17,3314.711,6047.254,5873.880999999999,7286.5340000000015
2024-06-23 07:15:00,13540.699,2741.989,3238.835,6770.645,5980.8240000000005,7559.875
2024-06-23 07:30:00,13714.9,3025.335,3184.371,6670.534,6209.706,7505.1939999999995
2024-06-23 07:45:00,13652.024,3348.551,3271.67,6265.983,6620.221,7031.803
2024-06-23 08:00:00,13803.19,3751.674,3472.789,5892.943,7224.463,6578.727000000001
2024-06-23 08:15:00,14286.822,4199.348,3627.407,7110.857,7826.755,6460.067
2024-06-23 08:30:00,14353.83,4594.611,3803.904,6476.994,8398.515,5955.3150000000005
2024-06-23 08:45:00,14478.132,4763.649,3846.875,6180.847,8610.524000000001,5867.607999999998
2024-06-23 09:00:00,14553.682,5027.783,3715.112,6007.069,8742.895,5810.787
2024-06-23 09:15:00,14836.418,5084.332,3512.561,5924.486,8596.893,6239.525
2024-06-23 09:30:00,15033.501,5377.474,3674.211,6312.112,9051.685,5981.816000000001
2024-06-23 09:45:00,15037.553,5329.676,3868.817,6105.144,9198.493,5839.0599999999995
2024-06-23 10:00:00,15395.229,5670.41,3968.85,5779.842,9639.26,5755.968999999999
2024-06-23 10:15:00,15425.904,5357.257,3612.905,6681.22,8970.162,6455.742
2024-06-23 10:30:00,15660.161,5615.22,3267.408,6503.288,8882.628,6777.532999999999
2024-06-23 10:45:00,15536.567,5653.703,3130.154,6407.318,8783.857,6752.709999999999
2024-06-23 11:00:00,15630.612,5649.278,2949.066,6476.405,8598.344000000001,7032.267999999998
2024-06-23 11:15:00,15815.256,5630.371,2863.11,7283.768,8493.481,7321.775
2024-06-23 11:30:00,15321.717,5343.392,2781.071,7700.598,8124.463,7197.254000000001
2024-06-23 11:45:00,15864.171,5862.05,2841.573,7664.878,8703.623,7160.548000000001
2024-06-23 12:00:00,15688.919,5534.978,2806.128,7599.265,8341.106,7347.813
2024-06-23 12:15:00,15565.346,5443.236,2816.036,7591.839,8259.272,7306.073999999999
2024-06-23 12:30:00,15315.941,5381.935,2784.895,7672.733,8166.83,7149.111000000001
2024-06-23 12:45:00,15618.554,5792.731,2734.339,7440.0,8527.07,7091.484
2024-06-23 13:00:00,15155.409,5166.763,2747.223,7544.158,7913.986,7241.423
2024-06-23 13:15:00,15594.524,5575.984,2705.704,7447.228,8281.688,7312.835999999999
2024-06-23 13:30:00,15896.4,5667.658,2739.46,7492.254,8407.118,7489.281999999999
2024-06-23 13:45:00,15517.764,5518.103,2746.391,7288.593,8264.494,7253.269999999999
2024-06-23 14:00:00,15443.509,5505.536,2847.078,7184.994,8352.614,7090.895
2024-06-23 14:15:00,15843.278,5766.322,2819.875,7008.555,8586.197,7257.081
2024-06-23 14:30:00,15593.31,5550.667,2827.383,7030.62,8378.05,7215.26
2024-06-23 14:45:00,15176.642,5016.731,2704.059,7293.288,7720.79,7455.852
2024-06-23 15:00:00,15133.289,4810.921,2696.405,7323.337,7507.326000000001,7625.963
2024-06-23 15:15:00,15217.951,4894.966,2699.669,6596.828,7594.635,7623.315999999999
2024-06-23 15:30:00,15093.657,4746.87,2693.506,6887.767,7440.376,7653.280999999999
2024-06-23 15:45:00,15296.217,4777.947,2612.921,7130.509,7390.868,7905.349
2024-06-23 16:00:00,15674.877,4827.535,2741.395,7442.153,7568.93,8105.947
2024-06-23 16:15:00,15472.311,4519.707,2997.624,7114.079,7517.331,7954.98
2024-06-23 16:30:00,15260.43,4300.537,2997.556,7121.026,7298.093000000001,7962.3369999999995
2024-06-23 16:45:00,15749.822,4388.862,2966.688,7591.751,7355.55,8394.272
2024-06-23 17:00:00,15483.742,3638.702,2966.624,7198.966,6605.326,8878.416000000001
2024-06-23 17:15:00,15574.543,3585.944,3156.12,6048.339,6742.064,8832.479
2024-06-23 17:30:00,15676.694,3282.167,3054.7,6773.119,6336.867,9339.827
2024-06-23 17:45:00,16039.883,3154.347,3062.041,7340.062,6216.388000000001,9823.494999999999
2024-06-23 18:00:00,16166.184,2916.289,3033.008,7646.74,5949.2970000000005,10216.886999999999
2024-06-23 18:15:00,15962.831,3160.447,3354.087,6463.877,6514.534,9448.297
2024-06-23 18:30:00,16168.834,3033.835,3482.29,7148.851,6516.125,9652.709
2024-06-23 18:45:00,16499.865,2817.694,3580.844,7557.163,6398.5380000000005,10101.327000000001
2024-06-23 19:00:00,16511.602,2436.582,3505.944,8280.357,5942.526,10569.076
2024-06-23 19:15:00,16465.219,2074.979,3375.878,8269.768,5450.857,11014.362000000001
2024-06-23 19:30:00,16649.807,1824.876,3294.114,8088.646,5118.99,11530.817000000001
2024-06-23 19:45:00,16528.531,1537.102,3041.216,8554.289,4578.318,11950.213
2024-06-23 20:00:00,16611.744,1202.617,2924.607,8769.888,4127.224,12484.519999999999
2024-06-23 20:15:00,16439.166,1029.431,2891.156,7888.454,3920.587,12518.579000000002
2024-06-23 20:30:00,16478.92,775.139,2814.254,8296.802,3589.393,12889.526999999998
2024-06-23 20:45:00,16572.043,672.232,2910.721,8446.443,3582.953,12989.090000000002
2024-06-23 21:00:00,16486.736,496.231,2925.555,8585.167,3421.786,13064.95
2024-06-23 21:15:00,16200.581,38.596,2875.304,8765.838,2913.9,13286.681
2024-06-23 21:30:00,16379.329,0.0,2773.876,8847.876,2773.876,13605.453
2024-06-23 21:45:00,16171.029,0.0,2596.763,8951.331,2596.763,13574.266
2024-06-23 22:00:00,16109.602,0.0,2673.528,8808.598,2673.528,13436.074
2024-06-23 22:15:00,16098.47,0.0,2733.877,8847.848,2733.877,13364.592999999999
2024-06-23 22:30:00,16000.189,0.0,2772.085,8583.899,2772.085,13228.104
2024-06-23 22:45:00,15742.57,0.0,2795.806,8156.334,2795.806,12946.764
2024-06-23 23:00:00,15372.638,0.0,2794.932,7778.643,2794.932,12577.706000000002
2024-06-23 23:15:00,15167.613,0.0,2712.019,8005.119,2712.019,12455.594
2024-06-23 23:30:00,14812.473,0.0,2671.149,7691.725,2671.149,12141.324
2024-06-23 23:45:00,14530.7,0.0,2649.577,7455.02,2649.577,11881.123
2024-06-24 00:00:00,14346.473,0.0,2651.57,7208.897,2651.57,11694.903
2024-06-24 00:15:00,14139.819,0.0,2615.66,8166.518,2615.66,11524.159
2024-06-24 00:30:00,14071.399,0.0,2532.797,7690.97,2532.797,11538.601999999999
2024-06-24 00:45:00,13743.776,0.0,2441.201,7664.062,2441.201,11302.575
2024-06-24 01:00:00,13674.042,0.0,2400.777,7537.84,2400.777,11273.265
2024-06-24 01:15:00,13609.387,0.0,2373.426,8165.429,2373.426,11235.961000000001
2024-06-24 01:30:00,13524.836,0.0,2281.982,7886.439,2281.982,11242.854
2024-06-24 01:45:00,13507.843,0.0,2299.379,7805.838,2299.379,11208.464
2024-06-24 02:00:00,13441.988,0.0,2287.341,7843.121,2287.341,11154.646999999999
2024-06-24 02:15:00,13296.804,0.0,2222.086,7605.435,2222.086,11074.718
2024-06-24 02:30:00,13122.507,0.0,2181.441,7598.284,2181.441,10941.065999999999
2024-06-24 02:45:00,13240.668,0.0,2161.225,7591.944,2161.225,11079.443
2024-06-24 03:00:00,13215.128,0.0,2130.068,7633.15,2130.068,11085.060000000001
2024-06-24 03:15:00,13352.419,0.0,2123.01,7828.267,2123.01,11229.409
2024-06-24 03:30:00,13254.571,0.0,2121.147,7721.371,2121.147,11133.423999999999
2024-06-24 03:45:00,13294.267,0.0,2153.063,7832.012,2153.063,11141.204
2024-06-24 04:00:00,13187.421,0.0,2170.787,7857.506,2170.787,11016.634
2024-06-24 04:15:00,13085.404,17.169,2118.428,7795.245,2135.5969999999998,10949.807
2024-06-24 04:30:00,13184.749,103.284,2080.78,7950.28,2184.0640000000003,11000.685
2024-06-24 04:45:00,13685.419,561.201,2024.859,7925.348,2586.06,11099.359
2024-06-24 05:00:00,13563.927,641.63,1984.487,7886.521,2626.117,10937.81
2024-06-24 05:15:00,14044.241,744.258,1910.198,8426.917,2654.456,11389.785
2024-06-24 05:30:00,14293.92,956.092,1826.347,8436.365,2782.439,11511.481
2024-06-24 05:45:00,14687.918,1131.026,1664.59,8794.552,2795.616,11892.302
2024-06-24 06:00:00,15330.667,1404.481,1513.056,9344.046,2917.5370000000003,12413.13
2024-06-24 06:15:00,15947.849,1074.836,1416.876,9504.858,2491.712,13456.137
2024-06-24 06:30:00,16705.158,1393.433,1249.87,9959.752,2643.303,14061.855
2024-06-24 06:45:00,17289.15,1734.715,1078.367,10429.796,2813.082,14476.068000000001
2024-06-24 07:00:00,17902.332,2102.713,960.322,10869.084,3063.0350000000003,14839.296999999999
2024-06-24 07:15:00,18373.256,2588.317,905.652,11440.041,3493.969,14879.287
2024-06-24 07:30:00,18809.492,3058.327,868.007,10601.791,3926.3340000000003,14883.157999999998
2024-06-24 07:45:00,19149.613,3527.914,831.399,10517.776,4359.313,14790.300000000001
2024-06-24 08:00:00,19371.637,3990.568,813.872,10374.238,4804.4400000000005,14567.196999999998
2024-06-24 08:15:00,19324.426,4483.009,775.952,11347.059,5258.961,14065.465
2024-06-24 08:30:00,19686.602,5057.863,793.006,10706.782,5850.869000000001,13835.732999999998
2024-06-24 08:45:00,19764.53,5573.448,774.238,10150.499,6347.686000000001,13416.843999999997
2024-06-24 09:00:00,19757.6,5800.377,798.187,9889.286,6598.564,13159.035999999998
2024-06-24 09:15:00,19667.988,5992.673,784.58,11006.016,6777.253,12890.735
2024-06-24 09:30:00,19571.992,6169.136,811.335,10628.011,6980.4710000000005,12591.520999999997
2024-06-24 09:45:00,19381.705,6258.592,814.641,10282.693,7073.232999999999,12308.472000000002
2024-06-24 10:00:00,19339.135,6532.945,808.916,9700.677,7341.861,11997.273999999998
2024-06-24 10:15:00,19225.107,6854.883,774.046,9756.959,7628.929,11596.178
2024-06-24 10:30:00,19601.812,6887.081,785.55,9371.199,7672.631,11929.181
2024-06-24 10:45:00,19864.855,7174.237,749.044,9273.872,7923.281,11941.574
2024-06-24 11:00:00,19974.627,7281.553,757.901,9632.768,8039.454,11935.173
2024-06-24 11:15:00,20075.012,7331.955,773.571,9464.924,8105.526,11969.485999999999
2024-06-24 11:30:00,19979.752,7365.147,747.112,9407.351,8112.259,11867.493
2024-06-24 11:45:00,20140.164,7548.504,759.673,9354.985,8308.177,11831.987000000001
2024-06-24 12:00:00,19975.445,7411.874,750.622,9728.854,8162.496,11812.949
2024-06-24 12:15:00,19922.463,7610.844,714.328,9577.196,8325.172,11597.291
2024-06-24 12:30:00,20451.463,8118.875,685.589,9565.961,8804.464,11646.999
2024-06-24 12:45:00,20331.846,7861.5,731.841,9557.253,8593.341,11738.505000000001
2024-06-24 13:00:00,19820.11,7626.764,719.198,9583.181,8345.962,11474.148000000001
2024-06-24 13:15:00,20349.576,7817.888,690.216,10048.057,8508.104,11841.472000000002
2024-06-24 13:30:00,20282.816,7597.556,727.393,10296.866,8324.949,11957.866999999998
2024-06-24 13:45:00,20003.86,7689.168,769.989,9973.674,8459.157,11544.703000000001
2024-06-24 14:00:00,19510.926,7269.984,723.622,10065.806,7993.606000000001,11517.32
2024-06-24 14:15:00,19704.432,7241.748,748.381,10608.35,7990.129,11714.303
2024-06-24 14:30:00,19803.836,7005.127,767.552,9960.718,7772.679,12031.157
2024-06-24 14:45:00,19842.162,7104.062,719.589,9958.32,7823.651,12018.511
2024-06-24 15:00:00,20010.514,6798.066,770.534,10102.965,7568.599999999999,12441.914
2024-06-24 15:15:00,19922.309,6521.457,790.498,9235.719,7311.955,12610.354000000001
2024-06-24 15:30:00,19902.746,6350.861,775.223,9336.707,7126.084,12776.662
2024-06-24 15:45:00,20109.486,6211.448,785.226,9574.697,6996.674,13112.812000000002
2024-06-24 16:00:00,20164.332,5908.306,739.614,10125.803,6647.92,13516.411999999998
2024-06-24 16:15:00,20163.475,5642.98,746.347,9235.273,6389.326999999999,13774.148
2024-06-24 16:30:00,20030.393,5387.003,706.379,9621.648,6093.382,13937.011
2024-06-24 16:45:00,20029.734,5075.996,657.357,10023.28,5733.353,14296.381000000001
2024-06-24 17:00:00,19889.75,4553.887,632.939,10501.324,5186.826,14702.923999999999
2024-06-24 17:15:00,20039.316,4218.437,621.992,10510.737,4840.429,15198.886999999999
2024-06-24 17:30:00,20053.951,3848.217,587.889,10933.736,4436.106,15617.845000000001
2024-06-24 17:45:00,20041.713,3467.457,573.19,11498.813,4040.647,16001.065999999999
2024-06-24 18:00:00,19717.623,3116.753,541.074,11516.289,3657.827,16059.795999999998
2024-06-24 18:15:00,19686.5,2743.545,501.036,11159.951,3244.581,16441.919
2024-06-24 18:30:00,20027.094,2383.525,470.088,11739.55,2853.6130000000003,17173.481
2024-06-24 18:45:00,20096.195,1997.869,456.13,12502.632,2453.999,17642.196
2024-06-24 19:00:00,20000.85,1577.384,437.84,12685.26,2015.224,17985.626
2024-06-24 19:15:00,20161.107,1279.105,417.446,12557.799,1696.551,18464.556
2024-06-24 19:30:00,20096.135,1013.425,417.887,13084.024,1431.312,18664.822999999997
2024-06-24 19:45:00,20231.049,773.874,408.257,13286.549,1182.131,19048.917999999998
2024-06-24 20:00:00,20131.592,587.454,404.389,13475.736,991.843,19139.749
2024-06-24 20:15:00,20261.076,488.438,387.289,13269.297,875.727,19385.349000000002
2024-06-24 20:30:00,20258.701,370.179,421.511,13383.498,791.69,19467.011000000002
2024-06-24 20:45:00,20239.836,272.942,476.432,13520.686,749.374,19490.462
2024-06-24 21:00:00,20095.531,185.245,497.705,13549.117,682.95,19412.581
2024-06-24 21:15:00,19912.102,40.207,593.219,13046.821,633.426,19278.676
2024-06-24 21:30:00,19854.205,0.0,601.294,12881.129,601.294,19252.911
2024-06-24 21:45:00,19604.01,0.0,640.161,12616.282,640.161,18963.849
2024-06-24 22:00:00,19028.162,0.0,693.048,12258.406,693.048,18335.114
2024-06-24 22:15:00,18887.328,0.0,739.195,11792.179,739.195,18148.133
2024-06-24 22:30:00,18640.283,0.0,765.094,11554.17,765.094,17875.189
2024-06-24 22:45:00,18328.727,0.0,763.906,11344.231,763.906,17564.821
2024-06-24 23:00:00,17956.346,0.0,723.777,10910.069,723.777,17232.569000000003
2024-06-24 23:15:00,17615.07,0.0,692.513,11410.589,692.513,16922.557
2024-06-24 23:30:00,17357.928,0.0,712.545,11081.925,712.545,16645.383
2024-06-24 23:45:00,16925.094,0.0,700.374,10636.176,700.374,16224.720000000001
2024-06-25 00:00:00,16451.592,0.0,686.586,10396.478,686.586,15765.006000000001
2024-06-25 00:15:00,16230.725,0.0,680.478,12188.343,680.478,15550.247000000001
2024-06-25 00:30:00,15846.254,0.0,704.369,11648.747,704.369,15141.885
2024-06-25 00:45:00,15877.366,0.0,731.472,11207.746,731.472,15145.894
2024-06-25 01:00:00,15647.402,0.0,710.447,11056.326,710.447,14936.955
2024-06-25 01:15:00,15397.32,0.0,700.973,10951.519,700.973,14696.347
2024-06-25 01:30:00,15295.348,0.0,700.136,10811.063,700.136,14595.212
2024-06-25 01:45:00,15145.774,0.0,738.862,10894.581,738.862,14406.912
2024-06-25 02:00:00,14863.28,0.0,749.77,10809.642,749.77,14113.51
2024-06-25 02:15:00,14811.042,0.0,725.875,10508.205,725.875,14085.167
2024-06-25 02:30:00,14769.917,0.0,679.024,10457.979,679.024,14090.893
2024-06-25 02:45:00,14817.763,0.0,706.423,10410.97,706.423,14111.34
2024-06-25 03:00:00,14957.042,0.0,729.596,10447.652,729.596,14227.446
2024-06-25 03:15:00,14779.256,0.0,756.896,10425.974,756.896,14022.359999999999
2024-06-25 03:30:00,14789.597,0.0,778.834,10486.028,778.834,14010.762999999999
2024-06-25 03:45:00,14771.799,0.0,784.651,10522.982,784.651,13987.148000000001
2024-06-25 04:00:00,14632.044,0.0,798.646,10430.285,798.646,13833.398
2024-06-25 04:15:00,14686.198,11.788,818.434,10317.085,830.222,13855.976
2024-06-25 04:30:00,14744.131,39.543,793.372,10347.801,832.915,13911.216
2024-06-25 04:45:00,14879.053,185.562,780.79,10377.6,966.352,13912.701
2024-06-25 05:00:00,14987.261,258.545,787.272,10397.489,1045.817,13941.444
2024-06-25 05:15:00,15019.696,349.054,787.339,10550.531,1136.393,13883.303
2024-06-25 05:30:00,15327.637,492.649,749.989,10619.145,1242.638,14084.999
2024-06-25 05:45:00,15499.428,655.616,749.7,10793.339,1405.316,14094.112
2024-06-25 06:00:00,16019.134,829.961,717.315,11143.132,1547.276,14471.858
2024-06-25 06:15:00,17081.756,1069.989,678.8,11554.275,1748.789,15332.967
2024-06-25 06:30:00,17538.236,1383.368,621.553,11877.002,2004.9209999999998,15533.315
2024-06-25 06:45:00,18135.18,1726.055,564.108,12014.051,2290.163,15845.017
2024-06-25 07:00:00,18701.105,2155.434,475.579,12171.71,2631.0130000000004,16070.091999999999
2024-06-25 07:15:00,19149.34,2599.556,401.965,11887.415,3001.521,16147.819
2024-06-25 07:30:00,19651.326,2999.756,314.434,11771.124,3314.19,16337.136
2024-06-25 07:45:00,19872.236,3623.925,277.709,11976.241,3901.634,15970.602
2024-06-25 08:00:00,20309.758,4197.003,246.755,11977.724,4443.758,15866.000000000002
2024-06-25 08:15:00,20424.053,4673.174,227.385,12512.677,4900.559,15523.493999999999
2024-06-25 08:30:00,20524.436,5159.931,224.444,12757.619,5384.375,15140.061000000002
2024-06-25 08:45:00,20626.266,5761.195,216.337,11941.818,5977.531999999999,14648.734
2024-06-25 09:00:00,20596.135,6163.209,215.198,11307.826,6378.407,14217.728
2024-06-25 09:15:00,20667.877,6661.594,184.562,11216.034,6846.156,13821.721000000001
2024-06-25 09:30:00,20639.193,7141.896,209.082,10664.035,7350.978,13288.215
2024-06-25 09:45:00,20612.643,7607.312,208.555,10244.128,7815.867,12796.776
2024-06-25 10:00:00,20323.377,7931.177,243.872,10070.452,8175.049,12148.328000000001
2024-06-25 10:15:00,20195.588,8320.499,252.612,9376.365,8573.110999999999,11622.477
2024-06-25 10:30:00,20382.826,8444.012,279.784,9191.878,8723.796,11659.03
2024-06-25 10:45:00,20608.16,8855.231,303.548,9058.899,9158.779,11449.381
2024-06-25 11:00:00,20503.295,8577.899,334.997,9108.824,8912.895999999999,11590.399
2024-06-25 11:15:00,20540.262,8522.525,365.765,9255.465,8888.289999999999,11651.972
2024-06-25 11:30:00,20302.31,8376.827,352.234,9271.971,8729.061,11573.249000000002
2024-06-25 11:45:00,20738.703,8484.397,370.423,9492.098,8854.820000000002,11883.883
2024-06-25 12:00:00,20756.975,8642.202,406.582,9420.178,9048.784,11708.190999999999
2024-06-25 12:15:00,20750.443,8522.153,373.532,9392.5,8895.685,11854.758
2024-06-25 12:30:00,20484.12,8490.89,396.387,9367.203,8887.277,11596.842999999999
2024-06-25 12:45:00,20332.623,8220.14,422.28,9605.975,8642.42,11690.203
2024-06-25 13:00:00,20860.049,8543.015,442.048,9816.539,8985.063,11874.985999999999
2024-06-25 13:15:00,20765.332,8292.682,479.017,9845.323,8771.699,11993.632999999998
2024-06-25 13:30:00,20568.736,8138.14,532.193,9795.331,8670.333,11898.403
2024-06-25 13:45:00,20860.555,8501.923,510.451,9758.553,9012.374,11848.181
2024-06-25 14:00:00,19935.717,8185.913,547.226,9699.162,8733.139,11202.578000000001
2024-06-25 14:15:00,20251.674,8250.548,586.948,9686.173,8837.496000000001,11414.177999999998
2024-06-25 14:30:00,20113.828,7832.004,614.969,9846.91,8446.973,11666.855000000001
2024-06-25 14:45:00,20603.102,8103.569,592.122,9933.763,8695.691,11907.410999999998
2024-06-25 15:00:00,20519.904,7894.57,638.858,9699.745,8533.428,11986.475999999999
2024-06-25 15:15:00,20144.775,7429.376,657.766,9738.051,8087.142,12057.633000000002
2024-06-25 15:30:00,20476.182,7729.414,688.204,9864.678,8417.618,12058.564
2024-06-25 15:45:00,20390.049,7376.116,680.389,9779.785,8056.505,12333.543999999998
2024-06-25 16:00:00,20298.154,7039.605,739.325,9928.329,7778.929999999999,12519.223999999998
2024-06-25 16:15:00,20252.387,6719.281,741.401,9913.891,7460.682,12791.704999999998
2024-06-25 16:30:00,20386.873,6415.631,776.932,10187.452,7192.563,13194.31
2024-06-25 16:45:00,20536.535,6194.67,768.542,10411.384,6963.212,13573.323
2024-06-25 17:00:00,20359.574,5489.94,799.205,10547.375,6289.1449999999995,14070.429
2024-06-25 17:15:00,20476.537,5119.968,809.895,10766.314,5929.862999999999,14546.674
2024-06-25 17:30:00,20540.914,4870.449,787.493,11026.462,5657.942,14882.972000000002
2024-06-25 17:45:00,20914.35,4526.997,716.992,11783.567,5243.9890000000005,15670.360999999997
2024-06-25 18:00:00,20385.668,3955.517,766.484,12297.202,4722.001,15663.667000000001
2024-06-25 18:15:00,20236.781,3249.825,745.421,12192.216,3995.246,16241.535
2024-06-25 18:30:00,20277.412,2656.704,724.503,12742.156,3381.2070000000003,16896.205
2024-06-25 18:45:00,20618.93,2240.612,809.656,13521.747,3050.268,17568.662
2024-06-25 19:00:00,20781.139,1751.956,834.266,13858.88,2586.2219999999998,18194.917
2024-06-25 19:15:00,20600.406,1502.952,787.016,12768.644,2289.968,18310.438
2024-06-25 19:30:00,20876.914,1194.927,810.014,13512.744,2004.9409999999998,18871.973
2024-06-25 19:45:00,20849.3,962.315,770.899,13742.281,1733.214,19116.086
2024-06-25 20:00:00,20838.348,755.216,798.769,13343.513,1553.9850000000001,19284.363
2024-06-25 20:15:00,20975.965,599.568,786.3,13939.839,1385.868,19590.097
2024-06-25 20:30:00,20807.822,448.299,817.252,13931.109,1265.551,19542.271
2024-06-25 20:45:00,20732.203,356.568,908.924,13944.961,1265.492,19466.711000000003
2024-06-25 21:00:00,20576.428,231.896,1000.847,13637.538,1232.743,19343.685
2024-06-25 21:15:00,20388.574,70.883,1104.247,13409.431,1175.13,19213.444
2024-06-25 21:30:00,20306.1,0.0,1218.731,13335.085,1218.731,19087.369
2024-06-25 21:45:00,19743.22,0.0,1251.763,12874.67,1251.763,18491.457000000002
2024-06-25 22:00:00,19277.191,0.0,1334.752,12437.024,1334.752,17942.439
2024-06-25 22:15:00,19260.502,0.0,1392.651,13292.267,1392.651,17867.851
2024-06-25 22:30:00,18703.795,0.0,1433.077,12865.132,1433.077,17270.717999999997
2024-06-25 22:45:00,18665.244,0.0,1512.774,12250.807,1512.774,17152.469999999998
2024-06-25 23:00:00,18221.2,0.0,1558.209,11937.721,1558.209,16662.991
2024-06-25 23:15:00,17599.393,0.0,1647.629,11406.012,1647.629,15951.764
2024-06-25 23:30:00,17401.557,0.0,1773.544,10948.152,1773.544,15628.013
2024-06-25 23:45:00,16884.068,0.0,1838.617,10247.594,1838.617,15045.451
2024-06-26 00:00:00,16527.232,0.0,1860.342,9964.069,1860.342,14666.89
2024-06-26 00:15:00,16230.508,0.0,1860.317,9947.893,1860.317,14370.190999999999
2024-06-26 00:30:00,16022.026,0.0,1890.906,9490.866,1890.906,14131.119999999999
2024-06-26 00:45:00,15859.284,0.0,1957.642,9228.57,1957.642,13901.642
2024-06-26 01:00:00,15479.571,0.0,2037.66,8868.432,2037.66,13441.911
2024-06-26 01:15:00,15394.397,0.0,2064.711,9419.367,2064.711,13329.686000000002
2024-06-26 01:30:00,15117.241,0.0,2073.112,9030.61,2073.112,13044.129
2024-06-26 01:45:00,15016.012,0.0,2085.866,8943.63,2085.866,12930.146
2024-06-26 02:00:00,15051.372,0.0,2066.119,8881.643,2066.119,12985.252999999999
2024-06-26 02:15:00,14889.301,0.0,2078.262,9276.969,2078.262,12811.038999999999
2024-06-26 02:30:00,14656.554,0.0,2064.343,9229.394,2064.343,12592.211
2024-06-26 02:45:00,14826.08,0.0,2074.671,9134.325,2074.671,12751.409
2024-06-26 03:00:00,14821.027,0.0,2016.398,9116.284,2016.398,12804.629
2024-06-26 03:15:00,14730.489,0.0,2027.053,9119.866,2027.053,12703.436
2024-06-26 03:30:00,14907.17,0.0,2055.052,9054.607,2055.052,12852.118
2024-06-26 03:45:00,14761.49,0.0,2050.141,8969.785,2050.141,12711.349
2024-06-26 04:00:00,14568.349,0.0,2033.508,9004.841,2033.508,12534.841
2024-06-26 04:15:00,14580.427,35.189,1998.29,9054.277,2033.479,12546.948
2024-06-26 04:30:00,14624.559,70.117,2007.822,8989.748,2077.939,12546.619999999999
2024-06-26 04:45:00,14829.725,250.771,1995.226,8791.771,2245.9970000000003,12583.728
2024-06-26 05:00:00,14869.347,337.304,2036.084,8739.894,2373.388,12495.958999999999
2024-06-26 05:15:00,14974.047,435.996,1973.918,8483.997,2409.9139999999998,12564.133000000002
2024-06-26 05:30:00,15199.676,595.786,1907.869,8633.453,2503.6549999999997,12696.021
2024-06-26 05:45:00,15431.46,732.263,1888.829,8844.808,2621.092,12810.367999999999
2024-06-26 06:00:00,15705.492,949.101,1813.83,9125.12,2762.931,12942.561
2024-06-26 06:15:00,17245.53,1251.151,1691.488,9309.395,2942.639,14302.891
2024-06-26 06:30:00,17700.475,1706.03,1541.854,9715.377,3247.884,14452.590999999999
2024-06-26 06:45:00,18215.37,2205.866,1372.125,10257.805,3577.991,14637.378999999999
2024-06-26 07:00:00,18816.732,2790.52,1145.424,10336.26,3935.944,14880.788
2024-06-26 07:15:00,19522.748,3445.315,927.516,11108.2,4372.831,15149.917
2024-06-26 07:30:00,19973.594,4196.346,745.757,11224.404,4942.102999999999,15031.491000000002
2024-06-26 07:45:00,20087.975,4925.876,597.495,10755.355,5523.371,14564.604
2024-06-26 08:00:00,20541.355,5666.248,527.762,11097.308,6194.009999999999,14347.345000000001
2024-06-26 08:15:00,20601.746,6294.57,512.753,11821.964,6807.322999999999,13794.422999999999
2024-06-26 08:30:00,20786.064,6954.646,523.341,11322.377,7477.987,13308.076999999997
2024-06-26 08:45:00,20703.984,7585.575,589.515,10011.285,8175.09,12528.894
2024-06-26 09:00:00,20837.9,8184.73,662.626,9533.434,8847.356,11990.544000000002
2024-06-26 09:15:00,20869.861,8724.241,756.461,9757.907,9480.702,11389.159000000001
2024-06-26 09:30:00,20769.766,9329.744,891.473,9525.304,10221.217,10548.548999999999
2024-06-26 09:45:00,20643.117,9606.036,944.134,9009.724,10550.17,10092.946999999998
2024-06-26 10:00:00,20551.605,9976.525,1004.617,8564.176,10981.142,9570.463
2024-06-26 10:15:00,20340.404,10252.475,1026.187,8937.284,11278.662,9061.741999999998
2024-06-26 10:30:00,20421.66,10306.639,1099.647,8316.991,11406.286,9015.374
2024-06-26 10:45:00,20425.807,10414.899,1123.256,8306.641,11538.154999999999,8887.652000000002
2024-06-26 11:00:00,20409.184,10385.689,1113.879,7948.995,11499.568,8909.616000000002
2024-06-26 11:15:00,20338.39,10475.814,1177.574,8128.55,11653.388,8685.001999999999
2024-06-26 11:30:00,20708.969,10727.472,1150.138,8124.422,11877.61,8831.359
2024-06-26 11:45:00,20607.416,10458.714,1183.7,8083.328,11642.414,8965.002
2024-06-26 12:00:00,20512.86,10650.921,1082.028,7948.889,11732.949,8779.911
2024-06-26 12:15:00,20850.076,10656.605,1053.007,8068.791,11709.612,9140.464000000002
2024-06-26 12:30:00,20757.307,10305.254,1046.92,8103.886,11352.174,9405.133
2024-06-26 12:45:00,20800.018,10486.656,980.016,8309.244,11466.672,9333.346
2024-06-26 13:00:00,20668.291,10282.885,984.854,8352.964,11267.739,9400.552000000001
2024-06-26 13:15:00,21006.47,10437.806,936.341,8549.03,11374.147,9632.323
2024-06-26 13:30:00,20913.67,10282.177,919.205,8730.344,11201.382,9712.287999999999
2024-06-26 13:45:00,20452.64,10216.266,872.503,8659.637,11088.769,9363.871
2024-06-26 14:00:00,19987.734,10042.754,806.244,8282.496,10848.998000000001,9138.735999999999
2024-06-26 14:15:00,20511.44,10138.715,802.544,8421.407,10941.259,9570.180999999999
2024-06-26 14:30:00,20420.186,9792.812,790.882,8923.859,10583.694,9836.492000000002
2024-06-26 14:45:00,20654.59,9878.939,742.805,8854.456,10621.744,10032.846
2024-06-26 15:00:00,20767.03,9735.284,751.785,9139.857,10487.069,10279.961
2024-06-26 15:15:00,20853.064,9340.451,693.344,9144.629,10033.794999999998,10819.269
2024-06-26 15:30:00,20892.736,9037.605,681.383,9828.71,9718.988,11173.748000000001
2024-06-26 15:45:00,20985.508,8749.835,670.487,9991.042,9420.321999999998,11565.186000000003
2024-06-26 16:00:00,21166.914,8500.507,732.343,10335.413,9232.85,11934.064
2024-06-26 16:15:00,21131.244,8012.926,717.44,9561.775,8730.366,12400.877999999999
2024-06-26 16:30:00,21129.893,7613.625,702.184,9771.776,8315.809,12814.084
2024-06-26 16:45:00,20970.607,7063.406,681.827,10365.45,7745.233,13225.374
2024-06-26 17:00:00,20759.44,6369.532,722.094,10756.604,7091.626,13667.813999999998
2024-06-26 17:15:00,20846.3,5876.088,714.805,9955.225,6590.893,14255.407
2024-06-26 17:30:00,20912.447,5363.746,740.393,10920.552,6104.139,14808.308
2024-06-26 17:45:00,21238.227,4879.488,728.517,11821.152,5608.005,15630.221999999998
2024-06-26 18:00:00,20983.31,4190.665,756.505,11963.371,4947.17,16036.140000000001
2024-06-26 18:15:00,20886.285,3587.54,740.649,11590.956,4328.189,16558.095999999998
2024-06-26 18:30:00,21203.16,3034.375,797.898,12430.784,3832.273,17370.887
2024-06-26 18:45:00,21336.756,2401.237,831.279,13375.815,3232.516,18104.24
2024-06-26 19:00:00,21376.793,1931.146,848.935,13570.005,2780.081,18596.712
2024-06-26 19:15:00,21238.648,1550.677,888.232,12568.314,2438.9089999999997,18799.739
2024-06-26 19:30:00,21282.473,1197.853,934.675,13037.99,2132.5280000000002,19149.945
2024-06-26 19:45:00,21403.535,987.226,994.863,13445.134,1982.089,19421.446
2024-06-26 20:00:00,21273.447,790.471,1102.465,13529.392,1892.936,19380.511
2024-06-26 20:15:00,21100.357,638.055,1259.777,13442.13,1897.8319999999999,19202.525
2024-06-26 20:30:00,21092.775,513.558,1459.842,13402.021,1973.4,19119.375
2024-06-26 20:45:00,21031.777,389.117,1624.614,13328.811,2013.731,19018.046
2024-06-26 21:00:00,20790.283,250.895,1835.017,13132.563,2085.9120000000003,18704.371
2024-06-26 21:15:00,20450.395,65.032,1937.944,13354.749,2002.9759999999999,18447.419
2024-06-26 21:30:00,20349.092,0.0,2085.244,12980.151,2085.244,18263.848
2024-06-26 21:45:00,20111.055,0.0,2236.315,12345.52,2236.315,17874.74
2024-06-26 22:00:00,19397.107,0.0,2378.23,11660.247,2378.23,17018.877
2024-06-26 22:15:00,19396.176,0.0,2474.537,11660.262,2474.537,16921.639
2024-06-26 22:30:00,19132.973,0.0,2564.317,11322.253,2564.317,16568.656000000003
2024-06-26 22:45:00,18639.426,0.0,2648.839,10705.0,2648.839,15990.587
2024-06-26 23:00:00,18205.719,0.0,2721.564,10335.471,2721.564,15484.155
2024-06-26 23:15:00,17816.365,0.0,2796.952,11452.588,2796.952,15019.413
2024-06-26 23:30:00,17351.676,0.0,2825.334,10955.733,2825.334,14526.342
2024-06-26 23:45:00,17177.209,0.0,2917.231,10394.727,2917.231,14259.978
2024-06-27 00:00:00,16723.3,0.0,3036.356,9801.37,3036.356,13686.944
2024-06-27 00:15:00,16514.822,0.0,3093.819,10381.0,3093.819,13421.003
2024-06-27 00:30:00,16189.773,0.0,3139.231,9930.14,3139.231,13050.542
2024-06-27 00:45:00,15927.744,0.0,3169.747,9419.971,3169.747,12757.997000000001
2024-06-27 01:00:00,15827.388,0.0,3266.933,9335.808,3266.933,12560.455000000002
2024-06-27 01:15:00,15688.452,0.0,3289.123,9421.829,3289.123,12399.329
2024-06-27 01:30:00,15497.065,0.0,3205.308,9259.433,3205.308,12291.757000000001
2024-06-27 01:45:00,15317.809,0.0,3198.115,9102.995,3198.115,12119.694
2024-06-27 02:00:00,15374.094,0.0,3167.839,9039.136,3167.839,12206.255
2024-06-27 02:15:00,14893.404,0.0,3041.4,9009.653,3041.4,11852.004
2024-06-27 02:30:00,14989.736,0.0,2908.928,9017.142,2908.928,12080.808
2024-06-27 02:45:00,15031.879,0.0,2866.124,9024.878,2866.124,12165.755000000001
2024-06-27 03:00:00,15004.271,0.0,2809.115,9104.477,2809.115,12195.156
2024-06-27 03:15:00,15014.852,0.0,2736.957,9147.793,2736.957,12277.895
2024-06-27 03:30:00,14958.198,0.0,2705.122,9248.056,2705.122,12253.076000000001
2024-06-27 03:45:00,14919.35,0.0,2594.876,9327.103,2594.876,12324.474
2024-06-27 04:00:00,14876.964,0.0,2540.715,9342.464,2540.715,12336.249
2024-06-27 04:15:00,14723.129,32.559,2424.083,9363.49,2456.6420000000003,12266.487000000001
2024-06-27 04:30:00,14927.825,69.216,2426.224,9354.534,2495.44,12432.385
2024-06-27 04:45:00,14985.355,251.623,2425.565,9570.175,2677.188,12308.167
2024-06-27 05:00:00,15024.057,360.169,2411.286,9417.408,2771.455,12252.602
2024-06-27 05:15:00,15295.363,486.69,2407.83,9311.914,2894.52,12400.842999999999
2024-06-27 05:30:00,15483.422,656.723,2350.818,9378.914,3007.541,12475.881000000001
2024-06-27 05:45:00,15643.444,834.648,2298.47,9536.908,3133.118,12510.326
2024-06-27 06:00:00,16163.931,1098.317,2203.652,9474.207,3301.969,12861.962
2024-06-27 06:15:00,17304.328,1398.62,2024.206,9843.661,3422.826,13881.502
2024-06-27 06:30:00,17973.432,1790.702,1762.926,9989.829,3553.6279999999997,14419.804
2024-06-27 06:45:00,18515.135,2252.214,1532.274,10324.813,3784.488,14730.646999999999
2024-06-27 07:00:00,19160.656,2772.764,1250.687,10618.305,4023.451,15137.204999999998
2024-06-27 07:15:00,19783.227,3308.877,988.958,11126.221,4297.835,15485.392
2024-06-27 07:30:00,20113.629,3927.319,744.391,11179.802,4671.71,15441.919000000002
2024-06-27 07:45:00,20566.484,4580.791,573.535,11497.121,5154.326,15412.158
2024-06-27 08:00:00,20984.53,5242.299,467.696,11278.071,5709.995,15274.535
2024-06-27 08:15:00,21185.42,5804.6,407.929,12190.591,6212.529,14972.890999999998
2024-06-27 08:30:00,21353.139,6400.584,401.797,12019.687,6802.380999999999,14550.758
2024-06-27 08:45:00,21568.432,6793.152,436.427,11409.379,7229.579,14338.853000000001
2024-06-27 09:00:00,21579.48,7302.65,516.709,10694.999,7819.3589999999995,13760.121
2024-06-27 09:15:00,21871.7,7886.248,608.77,10994.573,8495.018,13376.682
2024-06-27 09:30:00,21740.016,8161.103,746.746,10736.039,8907.849,12832.167
2024-06-27 09:45:00,21600.38,8729.0,877.391,10699.542,9606.391,11993.989000000001
2024-06-27 10:00:00,21119.959,8974.602,1029.039,9860.527,10003.641000000001,11116.317999999997
2024-06-27 10:15:00,21155.73,9289.78,1241.159,8873.711,10530.939,10624.791
2024-06-27 10:30:00,21130.127,9699.442,1374.185,8507.46,11073.626999999999,10056.500000000002
2024-06-27 10:45:00,21182.277,9802.24,1387.579,8394.68,11189.819,9992.457999999999
2024-06-27 11:00:00,21437.545,10136.78,1494.966,8021.665,11631.746000000001,9805.798999999997
2024-06-27 11:15:00,21406.38,10367.611,1509.019,7867.901,11876.630000000001,9529.75
2024-06-27 11:30:00,21559.975,10399.321,1486.372,7700.836,11885.693,9674.282
2024-06-27 11:45:00,21706.1,10444.885,1426.95,7735.552,11871.835000000001,9834.264999999998
2024-06-27 12:00:00,21484.053,10219.619,1372.523,8271.082,11592.142,9891.911
2024-06-27 12:15:00,21822.203,10450.617,1333.937,8522.178,11784.554,10037.649000000001
2024-06-27 12:30:00,21786.201,10299.807,1285.161,8359.333,11584.968,10201.233
2024-06-27 12:45:00,22144.139,10276.303,1240.725,8957.931,11517.028,10627.110999999999
2024-06-27 13:00:00,21781.943,10147.144,1227.35,9079.616,11374.494,10407.448999999999
2024-06-27 13:15:00,22220.896,10083.744,1137.99,9051.527,11221.734,10999.162
2024-06-27 13:30:00,21916.54,9818.534,1077.473,9119.331,10896.007,11020.533000000001
2024-06-27 13:45:00,21124.402,9054.934,1057.626,9437.792,10112.56,11011.841999999999
2024-06-27 14:00:00,21398.041,9341.712,1059.081,9263.989,10400.793,10997.248000000001
2024-06-27 14:15:00,21588.395,9102.799,1017.747,9478.279,10120.546,11467.849
2024-06-27 14:30:00,21802.686,9077.526,931.885,10150.575,10009.411,11793.275000000001
2024-06-27 14:45:00,21896.264,8882.469,940.105,10658.536,9822.573999999999,12073.69
2024-06-27 15:00:00,21538.389,8552.819,962.396,10650.326,9515.215,12023.173999999999
2024-06-27 15:15:00,21906.49,8080.933,959.044,10296.146,9039.977,12866.513
2024-06-27 15:30:00,21844.271,7639.965,979.683,10615.365,8619.648000000001,13224.623
2024-06-27 15:45:00,21650.664,7225.858,985.701,10788.102,8211.559000000001,13439.105
2024-06-27 16:00:00,21836.357,7034.406,1005.435,11282.975,8039.841,13796.516
2024-06-27 16:15:00,21793.39,6680.106,1043.687,11249.362,7723.793,14069.597
2024-06-27 16:30:00,21755.205,6500.064,1024.184,11891.594,7524.2480000000005,14230.957000000002
2024-06-27 16:45:00,22015.924,6126.706,1125.087,12090.957,7251.793,14764.131
2024-06-27 17:00:00,22290.695,5704.632,1286.588,12210.988,6991.219999999999,15299.475
2024-06-27 17:15:00,21900.172,5182.567,1304.065,10544.819,6486.632,15413.539999999999
2024-06-27 17:30:00,21828.332,4408.072,1345.851,11187.71,5753.923000000001,16074.408999999998
2024-06-27 17:45:00,21613.791,3879.332,1457.307,11235.455,5336.639,16277.152000000002
2024-06-27 18:00:00,21242.76,3433.743,1662.674,11263.875,5096.4169999999995,16146.342999999999
2024-06-27 18:15:00,21200.271,2890.858,1820.685,10688.919,4711.543,16488.728000000003
2024-06-27 18:30:00,21371.607,2472.229,2002.949,11201.063,4475.178,16896.429
2024-06-27 18:45:00,21523.742,2051.798,2196.561,11923.756,4248.359,17275.382999999998
2024-06-27 19:00:00,21318.537,1757.45,2345.636,12278.731,4103.086,17215.451
2024-06-27 19:15:00,21313.086,1494.671,2469.754,12846.274,3964.425,17348.661
2024-06-27 19:30:00,21370.883,1237.486,2270.571,12746.252,3508.057,17862.826
2024-06-27 19:45:00,21478.723,1026.044,2377.725,12215.837,3403.7690000000002,18074.954
2024-06-27 20:00:00,21283.19,846.669,2416.606,12129.251,3263.275,18019.914999999997
2024-06-27 20:15:00,21155.941,696.728,2438.705,12390.414,3135.433,18020.507999999998
2024-06-27 20:30:00,21126.547,550.641,2376.914,12772.747,2927.5550000000003,18198.992
2024-06-27 20:45:00,20906.693,481.005,2184.113,12778.242,2665.118,18241.575
2024-06-27 21:00:00,20885.727,395.53,2331.022,12653.136,2726.5519999999997,18159.175
2024-06-27 21:15:00,20478.91,302.449,2434.901,12285.041,2737.35,17741.56
2024-06-27 21:30:00,20186.785,0.0,2679.491,11925.768,2679.491,17507.294
2024-06-27 21:45:00,19828.645,0.0,2648.764,11616.702,2648.764,17179.881
2024-06-27 22:00:00,19410.809,0.0,2764.135,10930.254,2764.135,16646.674
2024-06-27 22:15:00,19141.55,0.0,2649.997,11401.855,2649.997,16491.553
2024-06-27 22:30:00,19078.703,0.0,2712.867,10956.425,2712.867,16365.836000000001
2024-06-27 22:45:00,18642.02,0.0,2727.777,10538.482,2727.777,15914.243
2024-06-27 23:00:00,18270.39,0.0,2692.161,10140.605,2692.161,15578.229
2024-06-27 23:15:00,17951.73,0.0,2561.84,10939.784,2561.84,15389.89
2024-06-27 23:30:00,17535.46,0.0,2315.143,10613.303,2315.143,15220.317
2024-06-27 23:45:00,17277.01,0.0,2146.345,10250.513,2146.345,15130.664999999999
2024-06-28 00:00:00,16858.055,0.0,2028.906,10195.93,2028.906,14829.149000000001
2024-06-28 00:15:00,16698.338,0.0,1953.735,10811.496,1953.735,14744.603
2024-06-28 00:30:00,16672.604,0.0,1867.406,11147.705,1867.406,14805.198
2024-06-28 00:45:00,16292.262,0.0,1895.144,10679.87,1895.144,14397.118
2024-06-28 01:00:00,16125.475,0.0,1865.039,10661.955,1865.039,14260.436
2024-06-28 01:15:00,15987.898,0.0,1984.388,10961.574,1984.388,14003.509999999998
2024-06-28 01:30:00,15861.002,0.0,2050.68,10876.55,2050.68,13810.322
2024-06-28 01:45:00,15740.355,0.0,2138.132,10687.951,2138.132,13602.223
2024-06-28 02:00:00,15544.321,0.0,2109.044,10549.629,2109.044,13435.277
2024-06-28 02:15:00,15408.844,0.0,2160.406,10591.111,2160.406,13248.437999999998
2024-06-28 02:30:00,15313.712,0.0,2204.683,10367.497,2204.683,13109.028999999999
2024-06-28 02:45:00,15330.075,0.0,2337.891,10448.494,2337.891,12992.184000000001
2024-06-28 03:00:00,15370.851,0.0,2332.776,10466.853,2332.776,13038.075
2024-06-28 03:15:00,15291.851,0.0,2341.966,10206.655,2341.966,12949.885
2024-06-28 03:30:00,15300.288,0.0,2291.677,10006.105,2291.677,13008.611
2024-06-28 03:45:00,15245.109,0.0,2272.61,10043.482,2272.61,12972.499
2024-06-28 04:00:00,15042.657,0.0,2302.349,9746.631,2302.349,12740.307999999999
2024-06-28 04:15:00,15012.792,54.752,2370.009,9616.13,2424.761,12588.030999999999
2024-06-28 04:30:00,15029.379,107.897,2431.72,9562.132,2539.6169999999997,12489.762
2024-06-28 04:45:00,15293.761,404.942,2346.643,9652.251,2751.585,12542.176
2024-06-28 05:00:00,15457.026,507.512,2359.664,9519.399,2867.1760000000004,12589.849999999999
2024-06-28 05:15:00,15604.047,602.904,2276.796,9237.328,2879.7,12724.347000000002
2024-06-28 05:30:00,15730.8,767.501,2164.771,9280.463,2932.272,12798.527999999998
2024-06-28 05:45:00,16084.297,909.119,2078.013,9515.773,2987.132,13097.165
2024-06-28 06:00:00,16607.516,1133.291,1948.163,9503.059,3081.4539999999997,13526.062
2024-06-28 06:15:00,17726.275,1397.867,1825.118,9398.785,3222.9849999999997,14503.29
2024-06-28 06:30:00,18157.96,1582.473,1638.707,10034.758,3221.1800000000003,14936.779999999999
2024-06-28 06:45:00,18781.102,1949.261,1419.053,10528.429,3368.3140000000003,15412.787999999999
2024-06-28 07:00:00,19284.14,2378.539,1224.138,10584.314,3602.677,15681.463
2024-06-28 07:15:00,19840.092,2810.972,1046.78,11012.724,3857.7520000000004,15982.34
2024-06-28 07:30:00,19997.809,3387.351,896.048,10883.138,4283.399,15714.41
2024-06-28 07:45:00,20470.188,3919.044,746.264,11432.24,4665.308,15804.879999999997
2024-06-28 08:00:00,20542.674,4488.052,669.002,11803.128,5157.054,15385.619999999999
2024-06-28 08:15:00,20812.98,4901.989,614.152,12399.789,5516.141,15296.839
2024-06-28 08:30:00,20883.912,5328.276,544.169,11995.592,5872.445,15011.467
2024-06-28 08:45:00,21167.203,5967.438,517.607,11559.343,6485.045,14682.158000000001
2024-06-28 09:00:00,21500.28,6633.736,541.049,11437.98,7174.785,14325.494999999999
2024-06-28 09:15:00,21736.398,7002.099,573.131,11316.564,7575.2300000000005,14161.168000000001
2024-06-28 09:30:00,21520.488,7242.67,622.5,10951.024,7865.17,13655.318000000001
2024-06-28 09:45:00,21558.285,7790.007,751.753,10545.93,8541.76,13016.525
2024-06-28 10:00:00,21455.371,8236.812,771.588,10226.695,9008.4,12446.971
2024-06-28 10:15:00,21390.197,8610.877,782.616,9932.75,9393.493,11996.704
2024-06-28 10:30:00,21562.486,8833.274,852.033,9847.557,9685.306999999999,11877.179000000002
2024-06-28 10:45:00,21962.34,9197.148,853.809,9693.832,10050.956999999999,11911.383000000002
2024-06-28 11:00:00,21917.389,9255.01,871.597,9181.364,10126.607,11790.782
2024-06-28 11:15:00,21866.86,9340.339,892.682,9367.7,10233.021,11633.839
2024-06-28 11:30:00,21920.89,9567.101,957.38,9412.382,10524.481,11396.409
2024-06-28 11:45:00,22036.63,9646.386,1041.796,9295.31,10688.182,11348.448
2024-06-28 12:00:00,22104.865,9922.42,1128.579,9219.549,11050.999,11053.866000000002
2024-06-28 12:15:00,21925.021,9682.667,1188.301,9085.063,10870.967999999999,11054.053000000002
2024-06-28 12:30:00,22181.451,9843.225,1171.9,9174.52,11015.125,11166.326000000001
2024-06-28 12:45:00,22288.36,9941.993,1191.661,9035.444,11133.654,11154.706
2024-06-28 13:00:00,22114.09,9644.204,1127.739,9432.385,10771.943,11342.147
2024-06-28 13:15:00,22275.174,9820.473,1122.807,9448.098,10943.28,11331.893999999998
2024-06-28 13:30:00,21769.633,9325.92,1246.821,9167.125,10572.741,11196.892000000002
2024-06-28 13:45:00,21384.768,9277.459,1393.822,8896.158,10671.281,10713.487
2024-06-28 14:00:00,21197.129,8967.25,1568.115,8675.776,10535.365,10661.764000000001
2024-06-28 14:15:00,21052.498,8589.531,1524.57,8706.185,10114.101,10938.396999999999
2024-06-28 14:30:00,21094.422,8000.536,1559.578,8997.009,9560.114,11534.307999999999
2024-06-28 14:45:00,21062.25,7529.58,1774.931,9426.951,9304.511,11757.739
2024-06-28 15:00:00,21095.441,7322.87,1936.705,9490.406,9259.575,11835.865999999998
2024-06-28 15:15:00,21277.678,7175.001,1882.339,9580.86,9057.34,12220.338
2024-06-28 15:30:00,21268.574,6901.639,1805.088,10211.736,8706.727,12561.847
2024-06-28 15:45:00,21217.219,6505.905,1899.208,10525.996,8405.113,12812.106000000002
2024-06-28 16:00:00,20911.797,5831.144,1987.619,10395.744,7818.763,13093.034
2024-06-28 16:15:00,21067.63,5652.426,1910.727,10702.386,7563.153,13504.477
2024-06-28 16:30:00,20874.486,5133.515,1756.587,11279.052,6890.102000000001,13984.384
2024-06-28 16:45:00,20568.41,4597.546,1832.85,11492.592,6430.396000000001,14138.014
2024-06-28 17:00:00,20936.18,4308.952,1946.97,11674.482,6255.9220000000005,14680.258
2024-06-28 17:15:00,21243.44,3950.725,1922.426,11207.169,5873.151,15370.288999999999
2024-06-28 17:30:00,21353.787,3494.862,2270.334,11833.265,5765.196,15588.591
2024-06-28 17:45:00,21568.912,3568.146,2159.976,12121.479,5728.122,15840.79
2024-06-28 18:00:00,21310.254,3260.126,2405.793,12108.019,5665.919,15644.335000000001
2024-06-28 18:15:00,21351.98,2967.504,2367.281,11436.583,5334.785,16017.195
2024-06-28 18:30:00,20999.52,2328.096,2256.318,11962.424,4584.414000000001,16415.106
2024-06-28 18:45:00,21162.904,2176.114,2096.43,12374.497,4272.544,16890.36
2024-06-28 19:00:00,21138.875,1929.139,1993.4,12703.841,3922.5389999999998,17216.336
2024-06-28 19:15:00,20902.328,1434.576,2052.842,11782.905,3487.418,17414.91
2024-06-28 19:30:00,20755.855,1066.589,1894.782,12171.332,2961.371,17794.484
2024-06-28 19:45:00,20750.754,900.403,1695.32,12401.394,2595.723,18155.031000000003
2024-06-28 20:00:00,20615.82,861.312,1712.586,12512.247,2573.898,18041.922
2024-06-28 20:15:00,20617.889,762.874,1558.858,12348.077,2321.732,18296.157
2024-06-28 20:30:00,20376.041,550.324,1538.499,12393.955,2088.823,18287.218
2024-06-28 20:45:00,20305.316,395.887,1515.975,12239.217,1911.8619999999999,18393.453999999998
2024-06-28 21:00:00,20129.502,325.627,1588.471,12149.624,1914.098,18215.404000000002
2024-06-28 21:15:00,19788.203,109.088,1684.157,12464.459,1793.245,17994.958000000002
2024-06-28 21:30:00,19508.287,0.0,1567.341,12295.924,1567.341,17940.946
2024-06-28 21:45:00,19324.516,0.0,1583.649,12048.668,1583.649,17740.867
2024-06-28 22:00:00,19006.352,0.0,1601.292,11526.794,1601.292,17405.059999999998
2024-06-28 22:15:00,18829.922,0.0,1476.699,11536.702,1476.699,17353.222999999998
2024-06-28 22:30:00,18636.203,0.0,1309.068,11100.788,1309.068,17327.135000000002
2024-06-28 22:45:00,18289.3,0.0,1258.024,11167.471,1258.024,17031.275999999998
2024-06-28 23:00:00,18161.066,0.0,1290.306,10926.792,1290.306,16870.76
2024-06-28 23:15:00,17564.203,0.0,1389.588,11244.776,1389.588,16174.615000000002
2024-06-28 23:30:00,17397.643,0.0,1453.817,10812.036,1453.817,15943.826000000001
2024-06-28 23:45:00,17254.648,0.0,1512.009,10654.128,1512.009,15742.639000000001
2024-06-29 00:00:00,17164.64,0.0,1488.071,10704.641,1488.071,15676.569
2024-06-29 00:15:00,16969.453,0.0,1613.312,11305.66,1613.312,15356.141000000001
2024-06-29 00:30:00,16767.01,0.0,1658.501,10925.497,1658.501,15108.508999999998
2024-06-29 00:45:00,16386.76,0.0,1755.411,10744.86,1755.411,14631.348999999998
2024-06-29 01:00:00,16539.875,0.0,1842.54,10553.868,1842.54,14697.335
2024-06-29 01:15:00,16286.802,0.0,1807.734,10651.377,1807.734,14479.068
2024-06-29 01:30:00,16209.733,0.0,1739.357,10489.973,1739.357,14470.376
2024-06-29 01:45:00,16393.963,0.0,1759.495,10463.012,1759.495,14634.468
2024-06-29 02:00:00,16202.678,0.0,1729.437,10524.651,1729.437,14473.241
2024-06-29 02:15:00,16037.797,0.0,1669.131,10575.154,1669.131,14368.666000000001
2024-06-29 02:30:00,15885.098,0.0,1658.272,10544.092,1658.272,14226.826000000001
2024-06-29 02:45:00,15886.457,0.0,1638.925,10417.053,1638.925,14247.532000000001
2024-06-29 03:00:00,15856.299,0.0,1599.218,10455.069,1599.218,14257.081
2024-06-29 03:15:00,15723.309,0.0,1564.322,10377.516,1564.322,14158.987
2024-06-29 03:30:00,16028.705,0.0,1546.053,10400.183,1546.053,14482.652
2024-06-29 03:45:00,15611.937,0.0,1464.447,10299.838,1464.447,14147.49
2024-06-29 04:00:00,15608.629,0.0,1405.807,10325.047,1405.807,14202.822
2024-06-29 04:15:00,15677.842,53.115,1377.57,10346.51,1430.685,14247.157000000001
2024-06-29 04:30:00,15498.798,94.161,1368.393,10361.436,1462.554,14036.244
2024-06-29 04:45:00,15623.427,214.164,1367.716,10296.845,1581.8799999999999,14041.547
2024-06-29 05:00:00,15303.201,297.618,1291.685,9770.14,1589.3029999999999,13713.898
2024-06-29 05:15:00,15473.633,417.631,1209.972,9843.863,1627.603,13846.029999999999
2024-06-29 05:30:00,15749.168,599.575,1140.245,9758.708,1739.82,14009.348
2024-06-29 05:45:00,15710.84,744.646,1139.643,9630.815,1884.289,13826.551
2024-06-29 06:00:00,15946.947,997.939,1113.974,9713.957,2111.913,13835.034
2024-06-29 06:15:00,16290.1,1363.101,1008.025,9946.611,2371.126,13918.974
2024-06-29 06:30:00,16645.674,1703.585,865.365,9885.379,2568.95,14076.723999999998
2024-06-29 06:45:00,17163.873,2233.565,702.348,9694.705,2935.913,14227.96
2024-06-29 07:00:00,17405.53,2884.614,568.606,9914.294,3453.2200000000003,13952.309999999998
2024-06-29 07:15:00,17554.4,3485.945,427.359,10893.966,3913.304,13641.096000000001
2024-06-29 07:30:00,17450.082,3994.664,348.802,10460.495,4343.466,13106.615999999998
2024-06-29 07:45:00,17780.797,4714.935,294.451,9991.787,5009.386,12771.410999999998
2024-06-29 08:00:00,18300.703,5499.712,284.675,9815.63,5784.387000000001,12516.316
2024-06-29 08:15:00,18548.865,6194.964,264.233,9787.178,6459.197,12089.668000000001
2024-06-29 08:30:00,19381.416,6896.48,244.288,9756.551,7140.768,12240.648000000001
2024-06-29 08:45:00,19480.758,7403.775,220.924,9621.56,7624.699,11856.059000000001
2024-06-29 09:00:00,19709.836,7950.898,226.062,9544.899,8176.96,11532.876
2024-06-29 09:15:00,19961.045,8374.078,217.154,9420.114,8591.232,11369.812999999998
2024-06-29 09:30:00,18482.152,9215.174,209.374,7160.992,9424.548,9057.603999999998
2024-06-29 09:45:00,18222.678,9430.31,208.079,6637.57,9638.389,8584.289
2024-06-29 10:00:00,17834.39,9677.099,217.212,6861.766,9894.311,7940.079
2024-06-29 10:15:00,19113.053,10137.621,213.151,7898.631,10350.771999999999,8762.281
2024-06-29 10:30:00,19210.717,10479.877,209.636,7908.514,10689.513,8521.204
2024-06-29 10:45:00,19462.385,10943.567,232.563,8037.166,11176.13,8286.255
2024-06-29 11:00:00,19472.031,11026.493,219.966,7970.058,11246.459,8225.571999999998
2024-06-29 11:15:00,19578.293,11221.098,212.901,8035.08,11433.999,8144.294000000002
2024-06-29 11:30:00,19369.45,11252.206,218.027,7746.606,11470.233,7899.217000000001
2024-06-29 11:45:00,19313.395,11051.433,219.217,7584.915,11270.650000000001,8042.744999999999
2024-06-29 12:00:00,19386.748,11230.83,197.527,7636.824,11428.357,7958.391
2024-06-29 12:15:00,19509.703,10219.348,193.587,7887.216,10412.935,9096.768000000002
2024-06-29 12:30:00,19818.207,10303.699,195.853,8189.375,10499.552,9318.654999999999
2024-06-29 12:45:00,19653.943,10079.972,186.49,8584.744,10266.462,9387.481
2024-06-29 13:00:00,19429.17,9871.004,182.006,8659.412,10053.01,9376.159999999998
2024-06-29 13:15:00,19362.012,9914.306,173.011,8547.781,10087.317000000001,9274.694999999998
2024-06-29 13:30:00,19043.178,9584.129,172.07,7746.169,9756.199,9286.979
2024-06-29 13:45:00,19184.96,9793.012,174.968,7991.542,9967.980000000001,9216.979999999998
2024-06-29 14:00:00,18456.281,9379.248,195.603,8620.743,9574.850999999999,8881.43
2024-06-29 14:15:00,18668.043,9377.724,223.821,7775.296,9601.545,9066.498000000001
2024-06-29 14:30:00,19103.545,9529.884,213.458,7877.622,9743.342,9360.202999999998
2024-06-29 14:45:00,18608.787,9157.214,239.475,8224.242,9396.689,9212.098
2024-06-29 15:00:00,18616.395,8947.698,256.183,8539.187,9203.881000000001,9412.514
2024-06-29 15:15:00,18825.549,9794.582,282.346,7757.517,10076.928,8748.621
2024-06-29 15:30:00,18303.955,9407.47,266.659,7702.701,9674.128999999999,8629.826000000003
2024-06-29 15:45:00,17780.756,8801.063,278.623,7489.936,9079.686,8701.070000000002
2024-06-29 16:00:00,18164.031,8952.419,306.743,7680.943,9259.162,8904.868999999999
2024-06-29 16:15:00,18230.232,8591.485,330.964,7448.987,8922.449,9307.783
2024-06-29 16:30:00,18239.342,8105.079,364.883,7610.718,8469.962,9769.380000000001
2024-06-29 16:45:00,18199.523,7620.329,406.764,8156.645,8027.093,10172.43
2024-06-29 17:00:00,18545.137,7281.435,422.738,8688.245,7704.173000000001,10840.963999999998
2024-06-29 17:15:00,18454.467,6650.914,449.772,8150.855,7100.686,11353.781
2024-06-29 17:30:00,18237.871,5886.419,459.735,8874.746,6346.1539999999995,11891.717
2024-06-29 17:45:00,18745.732,5527.349,484.118,9939.954,6011.467000000001,12734.265
2024-06-29 18:00:00,18500.92,4834.274,525.557,10692.779,5359.831,13141.088999999998
2024-06-29 18:15:00,18695.371,4202.095,555.342,9725.53,4757.437,13937.934
2024-06-29 18:30:00,18915.818,3569.082,590.549,10249.286,4159.630999999999,14756.187
2024-06-29 18:45:00,18748.705,3002.268,664.675,10947.175,3666.943,15081.762000000002
2024-06-29 19:00:00,18635.176,2479.889,731.467,11256.321,3211.356,15423.82
2024-06-29 19:15:00,18764.28,2050.601,746.725,10901.082,2797.326,15966.953999999998
2024-06-29 19:30:00,18643.863,1591.836,866.054,11195.168,2457.89,16185.973000000002
2024-06-29 19:45:00,18779.389,1316.503,953.541,11421.452,2270.044,16509.345
2024-06-29 20:00:00,18540.791,1018.859,1110.257,11332.114,2129.116,16411.675000000003
2024-06-29 20:15:00,18367.807,825.154,1307.133,11208.057,2132.2870000000003,16235.52
2024-06-29 20:30:00,18256.033,627.196,1518.696,10970.974,2145.892,16110.141
2024-06-29 20:45:00,18180.705,510.312,1805.862,10761.824,2316.174,15864.531000000003
2024-06-29 21:00:00,17882.74,341.341,2097.614,10519.469,2438.955,15443.785000000002
2024-06-29 21:15:00,17614.076,213.172,2423.841,11133.413,2637.013,14977.063000000002
2024-06-29 21:30:00,17577.32,0.0,2709.222,10471.662,2709.222,14868.098
2024-06-29 21:45:00,17459.322,0.0,2984.006,10094.003,2984.006,14475.316
2024-06-29 22:00:00,17267.467,0.0,3207.495,9784.553,3207.495,14059.972000000002
2024-06-29 22:15:00,16987.006,0.0,3303.233,10453.159,3303.233,13683.773000000001
2024-06-29 22:30:00,16823.318,0.0,3422.032,10101.137,3422.032,13401.286
2024-06-29 22:45:00,16486.658,0.0,3572.69,9619.806,3572.69,12913.967999999999
2024-06-29 23:00:00,16128.781,0.0,3596.975,9054.274,3596.975,12531.806
2024-06-29 23:15:00,15851.621,0.0,3759.827,9990.32,3759.827,12091.793999999998
2024-06-29 23:30:00,15664.649,0.0,3893.964,9368.626,3893.964,11770.685
2024-06-29 23:45:00,15158.546,0.0,3901.068,8726.277,3901.068,11257.478
2024-06-30 00:00:00,14851.843,0.0,4023.732,8323.677,4023.732,10828.111
2024-06-30 00:15:00,14767.162,0.0,4167.807,8247.969,4167.807,10599.355
2024-06-30 00:30:00,14493.765,0.0,4332.335,7871.786,4332.335,10161.43
2024-06-30 00:45:00,14196.76,0.0,4473.323,7501.097,4473.323,9723.437
2024-06-30 01:00:00,14239.683,0.0,4570.386,7220.756,4570.386,9669.297
2024-06-30 01:15:00,13927.255,0.0,4632.269,7086.347,4632.269,9294.985999999999
2024-06-30 01:30:00,13837.478,0.0,4738.756,6817.865,4738.756,9098.721999999998
2024-06-30 01:45:00,13713.644,0.0,4778.059,6751.315,4778.059,8935.585
2024-06-30 02:00:00,13553.427,0.0,4939.671,6539.927,4939.671,8613.756
2024-06-30 02:15:00,13513.362,0.0,4986.217,6910.438,4986.217,8527.145
2024-06-30 02:30:00,13568.298,0.0,5030.416,6806.351,5030.416,8537.882000000001
2024-06-30 02:45:00,13350.651,0.0,5015.897,6638.893,5015.897,8334.754
2024-06-30 03:00:00,13227.008,0.0,5039.236,6632.334,5039.236,8187.772
2024-06-30 03:15:00,13182.279,0.0,5108.445,7001.32,5108.445,8073.834000000001
2024-06-30 03:30:00,13178.717,0.0,5204.012,7015.735,5204.012,7974.705000000001
2024-06-30 03:45:00,13105.944,0.0,5256.357,6624.365,5256.357,7849.5869999999995
2024-06-30 04:00:00,12795.313,0.0,5265.439,6487.329,5265.439,7529.874
2024-06-30 04:15:00,12808.172,53.125,5306.439,6817.476,5359.564,7448.608
2024-06-30 04:30:00,12623.258,77.888,5344.288,6676.423,5422.1759999999995,7201.082
2024-06-30 04:45:00,12770.747,308.162,5383.543,6494.84,5691.705,7079.0419999999995
2024-06-30 05:00:00,12634.318,409.566,5408.71,6548.968,5818.276,6816.0419999999995
2024-06-30 05:15:00,12552.942,537.302,5433.467,6963.157,5970.768999999999,6582.173
2024-06-30 05:30:00,12726.147,744.443,5507.236,6724.848,6251.679,6474.468000000001
2024-06-30 05:45:00,12853.82,960.492,5449.199,6557.549,6409.691,6444.129
2024-06-30 06:00:00,12904.404,1248.076,5402.419,6572.727,6650.495,6253.909000000001
2024-06-30 06:15:00,13162.443,1505.454,5291.072,6648.765,6796.526,6365.9169999999995
2024-06-30 06:30:00,13215.005,1953.51,5114.302,6465.033,7067.812,6147.192999999999
2024-06-30 06:45:00,13527.386,2407.553,5081.319,6408.195,7488.872,6038.514
2024-06-30 07:00:00,14238.206,3137.08,4930.132,6294.674,8067.2119999999995,6170.994000000001
2024-06-30 07:15:00,14099.377,3171.306,4826.012,6575.077,7997.317999999999,6102.059000000001
2024-06-30 07:30:00,14575.537,3468.74,4860.505,6416.897,8329.244999999999,6246.292000000001
2024-06-30 07:45:00,14614.766,3754.987,4786.779,6329.334,8541.766,6073.0
2024-06-30 08:00:00,14716.4,4126.94,4566.077,6387.74,8693.017,6023.383
2024-06-30 08:15:00,14938.17,4426.019,4335.559,7495.439,8761.578000000001,6176.591999999999
2024-06-30 08:30:00,15212.025,4920.117,4367.556,6981.795,9287.672999999999,5924.352000000001
2024-06-30 08:45:00,15534.089,5262.542,4356.68,6476.653,9619.222000000002,5914.866999999998
2024-06-30 09:00:00,15770.447,5537.818,4211.852,6602.913,9749.67,6020.777
2024-06-30 09:15:00,15937.019,5761.725,4140.93,6841.549,9902.655,6034.364
2024-06-30 09:30:00,16078.749,6079.268,4090.208,7188.436,10169.476,5909.272999999999
2024-06-30 09:45:00,16108.914,6377.127,4027.371,7165.602,10404.498,5704.416000000001
2024-06-30 10:00:00,16444.432,6564.919,3755.574,7491.329,10320.493,6123.939
2024-06-30 10:15:00,16887.408,6911.343,3431.546,8546.774,10342.889,6544.519
2024-06-30 10:30:00,16569.389,7107.147,3431.344,8576.186,10538.491,6030.897999999999
2024-06-30 10:45:00,16774.436,7346.23,3429.806,8498.817,10776.036,5998.4000000000015
2024-06-30 11:00:00,17077.254,7656.68,3403.395,8553.226,11060.075,6017.179
2024-06-30 11:15:00,17144.885,7682.526,3409.727,9089.37,11092.253,6052.631999999998
2024-06-30 11:30:00,17220.383,7801.425,3543.242,9111.634,11344.667000000001,5875.716
2024-06-30 11:45:00,17145.203,7775.53,3400.248,9210.68,11175.778,5969.425000000001
2024-06-30 12:00:00,17099.764,7897.625,3492.771,9038.602,11390.396,5709.367999999999
2024-06-30 12:15:00,17096.91,7921.462,3713.798,9132.356,11635.26,5461.65
2024-06-30 12:30:00,16847.422,7748.934,3812.805,9063.312,11561.739,5285.682999999999
2024-06-30 12:45:00,17246.395,7819.117,3783.0,8990.188,11602.117,5644.278
2024-06-30 13:00:00,17312.635,7747.633,3801.254,9189.485,11548.886999999999,5763.748
2024-06-30 13:15:00,17295.033,7575.871,3850.777,9049.567,11426.648000000001,5868.384999999998
2024-06-30 13:30:00,17535.95,7728.379,3679.325,8879.063,11407.704,6128.246000000001
2024-06-30 13:45:00,17445.812,7712.248,3765.045,9099.322,11477.293,5968.519000000002
2024-06-30 14:00:00,17488.115,7784.393,3844.428,9277.197,11628.821,5859.294000000002
2024-06-30 14:15:00,17505.893,7447.715,3871.759,8538.203,11319.474,6186.419
2024-06-30 14:30:00,17723.465,7218.793,3866.557,8610.042,11085.349999999999,6638.115000000002
2024-06-30 14:45:00,17608.799,7093.165,3736.084,8999.067,10829.249,6779.549999999999
2024-06-30 15:00:00,17610.816,6785.606,3701.883,9287.028,10487.489,7123.326999999999
2024-06-30 15:15:00,17725.238,6617.201,3662.111,8153.66,10279.312,7445.926000000001
2024-06-30 15:30:00,17516.982,6318.444,3614.978,8144.661,9933.422,7583.5599999999995
2024-06-30 15:45:00,17561.645,5843.785,3479.185,8940.651,9322.97,8238.675000000001
2024-06-30 16:00:00,17846.117,5895.96,3698.903,9201.603,9594.863,8251.253999999999
2024-06-30 16:15:00,17924.113,5692.047,3754.336,7768.479,9446.383,8477.730000000001
2024-06-30 16:30:00,17787.338,5197.681,3644.03,8195.249,8841.711,8945.627
2024-06-30 16:45:00,17810.576,4899.288,3403.784,8985.585,8303.072,9507.504
2024-06-30 17:00:00,18154.5,4540.735,3423.332,8827.276,7964.066999999999,10190.433
2024-06-30 17:15:00,18523.922,4570.821,3953.333,7273.165,8524.154,9999.767999999998
2024-06-30 17:30:00,18773.656,4106.792,4085.53,8167.806,8192.322,10581.333999999999
2024-06-30 17:45:00,18843.646,3847.19,4132.976,8868.317,7980.165999999999,10863.480000000001
2024-06-30 18:00:00,18436.596,3062.209,3949.23,9335.346,7011.439,11425.157000000001
2024-06-30 18:15:00,18531.943,2742.275,3902.505,8994.695,6644.780000000001,11887.162999999999
2024-06-30 18:30:00,18009.863,2238.372,3512.69,9207.379,5751.062,12258.801000000001
2024-06-30 18:45:00,18179.908,2004.395,3476.308,9585.726,5480.7029999999995,12699.205
2024-06-30 19:00:00,18223.066,1719.336,3241.243,9757.36,4960.579,13262.487
2024-06-30 19:15:00,18188.42,1541.234,3161.116,9644.204,4702.35,13486.069999999998
2024-06-30 19:30:00,18067.613,1233.531,3118.499,9950.426,4352.03,13715.583000000002
2024-06-30 19:45:00,17912.822,997.859,2899.098,10156.187,3896.957,14015.865
2024-06-30 20:00:00,17911.03,726.016,2875.518,10248.088,3601.534,14309.496
2024-06-30 20:15:00,17749.775,600.096,2873.623,9535.419,3473.719,14276.056
2024-06-30 20:30:00,17956.115,465.344,3015.109,9676.837,3480.453,14475.662000000002
2024-06-30 20:45:00,17826.84,409.855,2841.447,9711.755,3251.302,14575.538
2024-06-30 21:00:00,17807.227,328.412,3017.042,9537.62,3345.4539999999997,14461.773
2024-06-30 21:15:00,17363.742,193.579,2898.639,9648.588,3092.2180000000003,14271.523999999998
2024-06-30 21:30:00,17237.443,0.0,2823.559,9797.142,2823.559,14413.883999999998
2024-06-30 21:45:00,17058.953,0.0,2935.945,9597.25,2935.945,14123.008000000002
2024-06-30 22:00:00,16859.314,0.0,3056.624,9464.491,3056.624,13802.689999999999
2024-06-30 22:15:00,16715.266,0.0,2954.668,9325.309,2954.668,13760.598
2024-06-30 22:30:00,16437.207,0.0,2954.446,9102.397,2954.446,13482.760999999999
2024-06-30 22:45:00,16120.224,0.0,3050.856,8504.123,3050.856,13069.368
2024-06-30 23:00:00,15602.676,0.0,2933.807,8336.767,2933.807,12668.868999999999
2024-06-30 23:15:00,15401.869,0.0,2909.296,9503.29,2909.296,12492.573
2024-06-30 23:30:00,15118.453,0.0,2816.302,9314.483,2816.302,12302.151
2024-06-30 23:45:00,14912.704,0.0,2806.529,8980.174,2806.529,12106.175
2024-07-01 00:00:00,14472.383,0.0,2683.663,8853.214,2683.663,11788.72
2024-07-01 00:15:00,14266.64,0.0,2517.136,9250.952,2517.136,11749.503999999999
2024-07-01 00:30:00,14119.773,0.0,2538.915,9054.888,2538.915,11580.858
2024-07-01 00:45:00,13912.462,0.0,2478.485,8489.902,2478.485,11433.976999999999
2024-07-01 01:00:00,13980.334,0.0,2601.343,8521.975,2601.343,11378.991000000002
2024-07-01 01:15:00,13943.511,0.0,2616.378,8694.761,2616.378,11327.133
2024-07-01 01:30:00,13976.754,0.0,2647.326,8584.705,2647.326,11329.428
2024-07-01 01:45:00,13694.792,0.0,2434.77,8601.058,2434.77,11260.021999999999
2024-07-01 02:00:00,13538.055,0.0,2338.718,8392.491,2338.718,11199.337
2024-07-01 02:15:00,13454.488,0.0,2138.208,8733.763,2138.208,11316.279999999999
2024-07-01 02:30:00,13434.132,0.0,2044.653,8755.548,2044.653,11389.479
2024-07-01 02:45:00,13238.306,0.0,2157.584,8711.264,2157.584,11080.722000000002
2024-07-01 03:00:00,13357.897,0.0,2212.398,8593.257,2212.398,11145.499
2024-07-01 03:15:00,13225.765,0.0,2294.82,8671.154,2294.82,10930.945
2024-07-01 03:30:00,13289.425,0.0,2303.313,8545.38,2303.313,10986.112
2024-07-01 03:45:00,13186.956,0.0,2182.692,8678.988,2182.692,11004.264
2024-07-01 04:00:00,13354.155,0.0,2262.269,8479.653,2262.269,11091.886
2024-07-01 04:15:00,12946.273,0.0,2179.86,8169.788,2179.86,10766.412999999999
2024-07-01 04:30:00,13264.505,48.869,2243.922,7951.174,2292.791,10971.714
2024-07-01 04:45:00,13540.869,286.64,2142.578,8029.974,2429.218,11111.651000000002
2024-07-01 05:00:00,13460.283,335.368,2035.028,8041.874,2370.396,11089.886999999999
2024-07-01 05:15:00,13701.511,396.022,1980.874,7781.516,2376.896,11324.615
2024-07-01 05:30:00,14072.959,525.449,1932.561,7947.749,2458.0099999999998,11614.949
2024-07-01 05:45:00,14374.415,642.734,1936.663,8341.553,2579.397,11795.018
2024-07-01 06:00:00,15150.567,822.174,1897.053,9207.001,2719.227,12431.34
2024-07-01 06:15:00,16313.428,945.761,1935.565,9510.98,2881.326,13432.101999999999
2024-07-01 06:30:00,16932.754,1148.171,1963.354,9725.106,3111.525,13821.229000000001
2024-07-01 06:45:00,17404.701,1376.577,1781.358,9781.716,3157.935,14246.766000000001
2024-07-01 07:00:00,17965.285,1668.517,1793.218,10408.108,3461.735,14503.55
2024-07-01 07:15:00,18395.64,1855.323,1651.954,11187.82,3507.277,14888.363
2024-07-01 07:30:00,18864.242,2235.358,1620.409,11205.114,3855.7670000000003,15008.474999999999
2024-07-01 07:45:00,19451.018,2537.436,1537.618,11019.225,4075.054,15375.964
2024-07-01 08:00:00,19655.22,2879.439,1449.999,11175.465,4329.438,15325.782000000001
2024-07-01 08:15:00,20154.568,3225.541,1436.783,11337.752,4662.3240000000005,15492.243999999999
2024-07-01 08:30:00,20327.365,3386.325,1346.124,11219.004,4732.449,15594.916000000001
2024-07-01 08:45:00,20382.85,3531.583,1296.003,11139.247,4827.586,15555.264
2024-07-01 09:00:00,20497.139,3995.375,1134.197,11240.156,5129.572,15367.567
2024-07-01 09:15:00,20437.662,3878.279,1000.31,11456.211,4878.589,15559.073
2024-07-01 09:30:00,20482.598,4178.727,884.389,10986.432,5063.116,15419.482000000002
2024-07-01 09:45:00,20827.842,4327.283,777.626,11094.706,5104.909000000001,15722.933
2024-07-01 10:00:00,20242.904,4602.953,776.159,11390.528,5379.112,14863.791999999998
2024-07-01 10:15:00,20428.666,5020.938,812.148,11701.631,5833.086,14595.580000000002
2024-07-01 10:30:00,20752.607,5375.618,731.608,11914.915,6107.226000000001,14645.381
2024-07-01 10:45:00,21289.783,5864.15,688.948,11886.004,6553.098,14736.685
2024-07-01 11:00:00,21356.418,5983.369,672.794,11849.393,6656.163,14700.255000000001
2024-07-01 11:15:00,21150.344,6066.511,638.341,11116.974,6704.852000000001,14445.492
2024-07-01 11:30:00,21212.643,6403.644,562.463,10977.753,6966.107,14246.536
2024-07-01 11:45:00,21257.35,6341.716,543.234,11294.012,6884.950000000001,14372.399999999998
2024-07-01 12:00:00,21870.607,7192.354,529.822,11000.433,7722.176,14148.431
2024-07-01 12:15:00,21453.8,6960.194,504.001,10971.116,7464.195000000001,13989.605
2024-07-01 12:30:00,21244.012,6882.561,475.367,10783.974,7357.928,13886.083999999999
2024-07-01 12:45:00,21312.979,6801.709,513.599,10883.488,7315.308,13997.670999999998
2024-07-01 13:00:00,21097.656,6812.825,526.008,10861.85,7338.833,13758.823
2024-07-01 13:15:00,21031.385,6579.483,526.529,11087.986,7106.012000000001,13925.372999999998
2024-07-01 13:30:00,21211.27,6715.411,532.793,10814.955,7248.204,13963.066
2024-07-01 13:45:00,20967.148,6719.967,513.582,10670.019,7233.549,13733.599000000002
2024-07-01 14:00:00,20234.428,6378.218,503.186,10189.13,6881.4039999999995,13353.024000000001
2024-07-01 14:15:00,19977.166,6208.934,480.158,9849.347,6689.092000000001,13288.074
2024-07-01 14:30:00,20544.064,6053.347,436.122,10425.299,6489.469,14054.594999999998
2024-07-01 14:45:00,20561.41,5992.733,461.069,10693.29,6453.802000000001,14107.608
2024-07-01 15:00:00,19988.377,5503.624,406.368,10666.466,5909.992,14078.385
2024-07-01 15:15:00,20426.79,5848.048,397.474,10403.173,6245.522,14181.268
2024-07-01 15:30:00,20427.877,5902.549,374.891,10756.074,6277.44,14150.437000000002
2024-07-01 15:45:00,20369.957,5614.992,451.512,11032.395,6066.504,14303.452999999998
2024-07-01 16:00:00,19672.404,4844.251,490.779,11032.4,5335.030000000001,14337.373999999998
2024-07-01 16:15:00,19719.861,4785.168,527.842,10836.258,5313.009999999999,14406.851000000002
2024-07-01 16:30:00,20152.1,4922.381,483.235,11017.441,5405.616,14746.483999999999
2024-07-01 16:45:00,20297.459,4797.858,596.964,11412.143,5394.822,14902.636999999999
2024-07-01 17:00:00,20447.781,4555.114,697.729,11464.515,5252.843,15194.937999999998
2024-07-01 17:15:00,20430.72,4383.11,663.084,11104.387,5046.1939999999995,15384.526000000002
2024-07-01 17:30:00,20672.482,3952.363,815.412,11204.218,4767.775,15904.707
2024-07-01 17:45:00,20148.701,3487.538,787.988,11232.615,4275.526,15873.175000000001
2024-07-01 18:00:00,20139.121,3339.01,822.151,11251.995,4161.161,15977.96
2024-07-01 18:15:00,19981.91,2820.192,666.782,11367.621,3486.974,16494.936
2024-07-01 18:30:00,20475.166,2788.963,512.253,12037.38,3301.2160000000003,17173.95
2024-07-01 18:45:00,20313.951,2354.683,495.316,12571.46,2849.999,17463.952
2024-07-01 19:00:00,20290.912,1830.303,579.394,12899.373,2409.697,17881.215
2024-07-01 19:15:00,20375.746,1600.59,584.392,13359.017,2184.982,18190.764
2024-07-01 19:30:00,19980.406,1040.753,636.526,13661.125,1677.279,18303.127
2024-07-01 19:45:00,20180.428,832.541,665.602,13677.166,1498.143,18682.285
2024-07-01 20:00:00,20194.383,666.69,750.83,13897.556,1417.52,18776.863
2024-07-01 20:15:00,20038.922,537.707,608.032,13843.925,1145.739,18893.182999999997
2024-07-01 20:30:00,19924.756,422.944,562.123,13887.425,985.067,18939.689000000002
2024-07-01 20:45:00,19933.928,268.83,681.835,14094.465,950.665,18983.263
2024-07-01 21:00:00,19828.848,230.198,657.423,14071.778,887.621,18941.227000000003
2024-07-01 21:15:00,19462.768,93.791,668.749,13498.85,762.54,18700.228
2024-07-01 21:30:00,19492.76,0.0,614.806,13534.327,614.806,18877.953999999998
2024-07-01 21:45:00,19127.824,0.0,658.99,13245.094,658.99,18468.834
2024-07-01 22:00:00,18578.69,0.0,699.529,12261.202,699.529,17879.161
2024-07-01 22:15:00,18638.752,0.0,827.798,11501.327,827.798,17810.954
2024-07-01 22:30:00,18313.88,0.0,865.063,11459.203,865.063,17448.817000000003
2024-07-01 22:45:00,18016.807,0.0,828.865,10907.248,828.865,17187.942
2024-07-01 23:00:00,17676.73,0.0,903.663,10780.922,903.663,16773.067
2024-07-01 23:15:00,17339.514,0.0,1025.86,11399.602,1025.86,16313.653999999999
2024-07-01 23:30:00,16926.232,0.0,1110.619,10671.642,1110.619,15815.613
2024-07-01 23:45:00,16477.578,0.0,1140.286,10236.752,1140.286,15337.292000000001
2024-07-02 00:00:00,16179.43,0.0,1164.559,9988.962,1164.559,15014.871000000001
2024-07-02 00:15:00,15730.135,0.0,1214.701,10650.968,1214.701,14515.434000000001
2024-07-02 00:30:00,15450.851,0.0,1224.039,10215.416,1224.039,14226.812
2024-07-02 00:45:00,15318.384,0.0,1383.484,10132.538,1383.484,13934.9
2024-07-02 01:00:00,15244.283,0.0,1429.96,10284.936,1429.96,13814.323
2024-07-02 01:15:00,15119.393,0.0,1490.979,11002.068,1490.979,13628.414
2024-07-02 01:30:00,15098.584,0.0,1422.159,10737.868,1422.159,13676.425000000001
2024-07-02 01:45:00,14782.864,0.0,1391.151,10577.219,1391.151,13391.713
2024-07-02 02:00:00,14868.73,0.0,1424.251,10396.752,1424.251,13444.479
2024-07-02 02:15:00,14539.631,0.0,1473.386,10732.751,1473.386,13066.244999999999
2024-07-02 02:30:00,14599.79,0.0,1514.567,10750.891,1514.567,13085.223000000002
2024-07-02 02:45:00,14535.723,0.0,1596.389,10616.773,1596.389,12939.334
2024-07-02 03:00:00,14672.739,0.0,1702.771,10537.506,1702.771,12969.967999999999
2024-07-02 03:15:00,14611.701,0.0,1703.273,10519.634,1703.273,12908.428
2024-07-02 03:30:00,14374.57,0.0,1692.836,10422.461,1692.836,12681.734
2024-07-02 03:45:00,14533.919,0.0,1725.023,10423.85,1725.023,12808.896
2024-07-02 04:00:00,14359.661,0.0,1778.083,10331.148,1778.083,12581.578
2024-07-02 04:15:00,14459.738,0.0,1848.085,10326.257,1848.085,12611.652999999998
2024-07-02 04:30:00,14486.723,104.565,1906.158,9847.367,2010.723,12476.0
2024-07-02 04:45:00,14494.173,207.151,1908.112,10099.174,2115.263,12378.91
2024-07-02 05:00:00,14599.33,247.352,1863.414,10014.799,2110.766,12488.564
2024-07-02 05:15:00,14761.569,314.018,1850.202,9728.214,2164.22,12597.349
2024-07-02 05:30:00,14983.842,395.532,1919.386,9752.285,2314.918,12668.924
2024-07-02 05:45:00,15079.916,520.595,1905.132,9855.172,2425.727,12654.188999999998
2024-07-02 06:00:00,15575.819,645.662,1904.126,9741.564,2549.788,13026.030999999999
2024-07-02 06:15:00,16791.162,803.237,1892.765,10001.461,2696.002,14095.16
2024-07-02 06:30:00,17479.086,992.041,1939.209,10553.752,2931.25,14547.836
2024-07-02 06:45:00,17816.076,1202.683,1867.261,10932.882,3069.944,14746.132000000001
2024-07-02 07:00:00,18273.67,1559.36,1833.112,11123.348,3392.4719999999998,14881.197999999999
2024-07-02 07:15:00,18836.945,1748.135,1780.158,11472.764,3528.2929999999997,15308.652
2024-07-02 07:30:00,19061.367,1939.508,1790.548,11498.21,3730.056,15331.310999999998
2024-07-02 07:45:00,19320.97,2181.791,1949.008,11525.752,4130.799,15190.171000000002
2024-07-02 08:00:00,19598.148,2454.15,2023.945,11447.578,4478.095,15120.053
2024-07-02 08:15:00,19769.951,2774.74,2072.497,12136.857,4847.236999999999,14922.714000000002
2024-07-02 08:30:00,19875.113,2972.904,2079.803,11798.623,5052.707,14822.406
2024-07-02 08:45:00,19633.822,3236.11,2059.262,11401.977,5295.372,14338.45
2024-07-02 09:00:00,19941.928,3663.163,2107.5,11336.124,5770.6630000000005,14171.265
2024-07-02 09:15:00,19984.357,3806.604,2201.195,11418.968,6007.799,13976.558
2024-07-02 09:30:00,19818.758,4071.287,2318.6,11040.934,6389.887,13428.871000000003
2024-07-02 09:45:00,19743.605,4433.184,2311.372,10735.638,6744.5560000000005,12999.048999999999
2024-07-02 10:00:00,19598.61,4619.094,2280.624,10240.683,6899.718,12698.892
2024-07-02 10:15:00,20009.998,5327.544,2265.459,10124.852,7593.003,12416.994999999999
2024-07-02 10:30:00,19617.268,4775.014,2354.038,9757.151,7129.052,12488.216
2024-07-02 10:45:00,20485.223,5793.061,2514.984,9496.83,8308.045,12177.178000000002
2024-07-02 11:00:00,20198.906,5405.602,2603.663,9504.536,8009.264999999999,12189.641
2024-07-02 11:15:00,20060.217,5586.961,2504.269,9541.025,8091.23,11968.987000000001
2024-07-02 11:30:00,20360.732,5831.137,2319.396,9693.512,8150.532999999999,12210.199
2024-07-02 11:45:00,20094.027,5448.902,2401.894,9778.441,7850.796,12243.230999999998
2024-07-02 12:00:00,20429.578,5977.079,2476.647,9818.153,8453.725999999999,11975.852000000003
2024-07-02 12:15:00,20493.416,6138.612,2639.921,10214.989,8778.533,11714.883000000002
2024-07-02 12:30:00,20694.97,6482.3,2691.266,10443.494,9173.566,11521.404
2024-07-02 12:45:00,20495.326,6376.254,2574.392,10015.317,8950.646,11544.68
2024-07-02 13:00:00,20139.752,6540.118,2495.999,9907.824,9036.117,11103.635
2024-07-02 13:15:00,19550.031,5829.429,2702.476,9487.956,8531.905,11018.125999999998
2024-07-02 13:30:00,19587.643,5906.24,2815.139,9354.736,8721.379,10866.264
2024-07-02 13:45:00,19987.86,6808.961,2962.416,8962.11,9771.377,10216.483
2024-07-02 14:00:00,19101.62,6453.168,2925.264,8434.458,9378.432,9723.187999999998
2024-07-02 14:15:00,18732.887,5977.737,3049.96,8415.363,9027.697,9705.189999999999
2024-07-02 14:30:00,18980.668,6187.826,2944.447,8533.628,9132.273000000001,9848.395
2024-07-02 14:45:00,19365.506,6439.137,2932.108,8405.86,9371.244999999999,9994.261000000002
2024-07-02 15:00:00,19086.1,6402.896,2723.767,8438.244,9126.663,9959.436999999998
2024-07-02 15:15:00,19347.121,6456.246,2676.038,8377.467,9132.284,10214.837
2024-07-02 15:30:00,19250.361,6223.501,2579.077,8529.815,8802.578000000001,10447.783
2024-07-02 15:45:00,19351.412,5814.913,2751.031,8427.018,8565.944,10785.468
2024-07-02 16:00:00,19393.549,5672.24,2712.611,8562.451,8384.850999999999,11008.698
2024-07-02 16:15:00,19370.193,5849.346,2707.825,8582.98,8557.170999999998,10813.022
2024-07-02 16:30:00,18838.768,5050.53,2613.17,8874.415,7663.7,11175.068
2024-07-02 16:45:00,18971.389,4772.365,2613.584,8953.736,7385.949,11585.439999999999
2024-07-02 17:00:00,19453.473,4923.875,2412.698,9327.419,7336.573,12116.900000000001
2024-07-02 17:15:00,19503.479,4526.757,2473.492,9304.532,7000.249,12503.23
2024-07-02 17:30:00,19839.04,4082.036,2644.499,9709.951,6726.535,13112.505000000001
2024-07-02 17:45:00,19614.627,3497.233,2543.071,10456.195,6040.304,13574.323
2024-07-02 18:00:00,19390.86,3105.608,2502.042,10577.778,5607.65,13783.210000000001
2024-07-02 18:15:00,19430.86,2785.011,2442.462,9994.157,5227.473,14203.387
2024-07-02 18:30:00,19611.04,2445.946,2288.107,10826.787,4734.053,14876.987000000001
2024-07-02 18:45:00,19860.438,2093.722,2246.582,11340.58,4340.304,15520.133999999998
2024-07-02 19:00:00,19808.912,1729.889,2064.706,11856.496,3794.5950000000003,16014.317
2024-07-02 19:15:00,19668.547,1436.088,1869.325,11547.254,3305.413,16363.133999999998
2024-07-02 19:30:00,19743.857,1125.504,1724.914,12107.745,2850.4179999999997,16893.439
2024-07-02 19:45:00,19715.959,868.27,1683.065,12201.757,2551.335,17164.624
2024-07-02 20:00:00,19705.941,665.44,1671.703,12382.773,2337.143,17368.798
2024-07-02 20:15:00,19815.932,501.154,1736.275,12203.654,2237.429,17578.503
2024-07-02 20:30:00,19631.557,361.053,1612.394,12522.063,1973.4470000000001,17658.11
2024-07-02 20:45:00,19486.312,221.497,1651.556,12529.397,1873.053,17613.259000000002
2024-07-02 21:00:00,19501.762,181.985,1702.515,12536.355,1884.5,17617.262
2024-07-02 21:15:00,19312.193,49.963,1621.721,11998.02,1671.684,17640.509
2024-07-02 21:30:00,18959.537,0.0,1671.635,11882.173,1671.635,17287.902000000002
2024-07-02 21:45:00,18961.969,0.0,1750.065,11550.391,1750.065,17211.904000000002
2024-07-02 22:00:00,18385.195,0.0,1810.808,10879.653,1810.808,16574.387
2024-07-02 22:15:00,18060.514,0.0,1801.924,10404.731,1801.924,16258.59
2024-07-02 22:30:00,17989.469,0.0,1873.314,10055.187,1873.314,16116.155
2024-07-02 22:45:00,17569.086,0.0,1950.639,9666.375,1950.639,15618.447
2024-07-02 23:00:00,17248.213,0.0,2041.011,9411.349,2041.011,15207.202
2024-07-02 23:15:00,16851.53,0.0,2002.719,10482.637,2002.719,14848.810999999998
2024-07-02 23:30:00,16716.838,0.0,2019.542,10281.428,2019.542,14697.296
2024-07-02 23:45:00,16025.944,0.0,2121.87,9577.352,2121.87,13904.074
2024-07-03 00:00:00,15735.356,0.0,2155.786,9266.083,2155.786,13579.57
2024-07-03 00:15:00,15535.5,0.0,2138.525,9964.321,2138.525,13396.975
2024-07-03 00:30:00,15253.29,0.0,2194.474,9559.261,2194.474,13058.816
2024-07-03 00:45:00,15174.191,0.0,2212.843,9389.907,2212.843,12961.348000000002
2024-07-03 01:00:00,15079.385,0.0,2301.306,9491.169,2301.306,12778.079
2024-07-03 01:15:00,14731.935,0.0,2389.7,9970.485,2389.7,12342.235
2024-07-03 01:30:00,14816.066,0.0,2465.178,9617.324,2465.178,12350.888
2024-07-03 01:45:00,14572.784,0.0,2321.968,9654.606,2321.968,12250.815999999999
2024-07-03 02:00:00,14587.002,0.0,2310.306,9544.785,2310.306,12276.696
2024-07-03 02:15:00,14386.158,0.0,2235.49,9851.343,2235.49,12150.668
2024-07-03 02:30:00,14577.301,0.0,2224.757,9830.062,2224.757,12352.544
2024-07-03 02:45:00,14423.173,0.0,2193.806,9983.502,2193.806,12229.367
2024-07-03 03:00:00,14474.913,0.0,2188.56,9700.975,2188.56,12286.353000000001
2024-07-03 03:15:00,14558.647,0.0,2203.509,9895.897,2203.509,12355.138
2024-07-03 03:30:00,14428.658,0.0,2156.389,9872.165,2156.389,12272.269
2024-07-03 03:45:00,14514.128,0.0,2168.408,9928.157,2168.408,12345.720000000001
2024-07-03 04:00:00,14452.923,0.0,2183.896,9953.458,2183.896,12269.027
2024-07-03 04:15:00,14347.426,0.0,2115.849,9839.739,2115.849,12231.577
2024-07-03 04:30:00,14213.332,79.322,2108.926,9775.11,2188.248,12025.084
2024-07-03 04:45:00,14266.128,202.368,2030.461,9924.32,2232.829,12033.299
2024-07-03 05:00:00,14330.807,252.937,1984.426,9882.479,2237.363,12093.444000000001
2024-07-03 05:15:00,14474.363,342.728,1891.953,9714.146,2234.681,12239.681999999999
2024-07-03 05:30:00,14673.925,482.973,1860.013,9605.834,2342.986,12330.938999999998
2024-07-03 05:45:00,14890.334,660.312,1895.815,9696.981,2556.127,12334.207
2024-07-03 06:00:00,15426.131,886.64,1858.514,9503.446,2745.154,12680.976999999999
2024-07-03 06:15:00,16506.793,1128.368,1809.098,10170.775,2937.466,13569.327000000001
2024-07-03 06:30:00,17172.006,1468.976,1720.067,10719.951,3189.043,13982.963000000002
2024-07-03 06:45:00,17562.455,1762.324,1592.392,10946.157,3354.7160000000003,14207.739000000001
2024-07-03 07:00:00,18115.496,2159.718,1639.021,10956.677,3798.7389999999996,14316.757
2024-07-03 07:15:00,18604.674,2517.412,1655.238,11931.089,4172.65,14432.024
2024-07-03 07:30:00,19023.87,2913.679,1637.765,11717.675,4551.444,14472.426
2024-07-03 07:45:00,19074.93,3219.964,1606.39,11614.754,4826.354,14248.576000000001
2024-07-03 08:00:00,19327.61,3629.318,1578.216,11387.62,5207.534,14120.076000000001
2024-07-03 08:15:00,19400.998,3930.878,1628.642,11239.825,5559.52,13841.478
2024-07-03 08:30:00,19488.623,4278.788,1580.751,11025.998,5859.539,13629.083999999999
2024-07-03 08:45:00,19733.203,4581.263,1603.007,11180.803,6184.27,13548.933
2024-07-03 09:00:00,19947.543,4925.137,1653.203,11144.719,6578.34,13369.203000000001
2024-07-03 09:15:00,19977.945,5027.492,1690.065,11490.043,6717.557000000001,13260.387999999999
2024-07-03 09:30:00,19804.908,5194.277,1769.403,11065.09,6963.68,12841.228
2024-07-03 09:45:00,19907.057,5345.844,1629.411,10470.607,6975.255,12931.802
2024-07-03 10:00:00,20174.299,5918.804,1695.8,10533.186,7614.604,12559.695
2024-07-03 10:15:00,19943.645,5883.839,1648.761,9979.099,7532.6,12411.045
2024-07-03 10:30:00,19886.836,5626.436,1646.309,9812.245,7272.745,12614.091
2024-07-03 10:45:00,20039.432,6064.202,1640.03,10152.286,7704.232,12335.2
2024-07-03 11:00:00,19885.344,5720.3,1587.762,10107.128,7308.062,12577.282000000001
2024-07-03 11:15:00,19894.48,6011.617,1528.957,10430.066,7540.5740000000005,12353.905999999999
2024-07-03 11:30:00,19892.81,6189.943,1630.648,10213.652,7820.591,12072.219000000001
2024-07-03 11:45:00,19989.088,6442.236,1626.489,9996.701,8068.725,11920.363
2024-07-03 12:00:00,19912.92,6229.173,1728.666,10250.722,7957.839,11955.080999999998
2024-07-03 12:15:00,19885.967,6279.214,1731.882,9918.736,8011.096,11874.871000000001
2024-07-03 12:30:00,19874.88,6266.213,1551.213,9905.454,7817.4259999999995,12057.454000000002
2024-07-03 12:45:00,19905.807,6374.849,1528.049,9566.391,7902.898,12002.909
2024-07-03 13:00:00,20072.736,6576.221,1499.262,9560.442,8075.482999999999,11997.253
2024-07-03 13:15:00,20171.89,6555.307,1456.801,9798.691,8012.108,12159.782
2024-07-03 13:30:00,20154.162,6623.556,1436.946,9804.976,8060.5019999999995,12093.66
2024-07-03 13:45:00,19867.795,6487.686,1446.79,9799.181,7934.476,11933.319
2024-07-03 14:00:00,19444.848,6398.936,1517.285,9386.375,7916.221,11528.627000000002
2024-07-03 14:15:00,19775.92,6367.712,1441.152,9580.077,7808.8640000000005,11967.055999999997
2024-07-03 14:30:00,19861.873,6194.084,1309.899,9799.493,7503.983,12357.89
2024-07-03 14:45:00,19829.617,6121.594,1302.962,10297.149,7424.5560000000005,12405.060999999998
2024-07-03 15:00:00,19439.268,5718.609,1325.548,10306.822,7044.157,12395.111
2024-07-03 15:15:00,19608.406,5667.799,1293.828,10481.647,6961.627,12646.778999999999
2024-07-03 15:30:00,19800.357,5594.883,1256.605,10645.567,6851.487999999999,12948.869
2024-07-03 15:45:00,19509.143,5375.781,1219.81,10791.87,6595.591,12913.552
2024-07-03 16:00:00,19357.65,5026.821,1179.793,10751.937,6206.614,13151.036000000002
2024-07-03 16:15:00,19345.697,4659.189,1103.438,9883.544,5762.627,13583.07
2024-07-03 16:30:00,19357.168,4545.164,1005.308,10352.74,5550.472,13806.696000000002
2024-07-03 16:45:00,19448.309,4389.26,966.77,10557.002,5356.030000000001,14092.279
2024-07-03 17:00:00,19367.898,4110.693,902.659,10609.347,5013.352,14354.546000000002
2024-07-03 17:15:00,19277.996,3753.107,854.735,10413.576,4607.842,14670.153999999999
2024-07-03 17:30:00,19422.758,3329.756,852.669,10783.918,4182.425,15240.333000000002
2024-07-03 17:45:00,19423.598,3149.931,789.432,10972.38,3939.3630000000003,15484.235
2024-07-03 18:00:00,19169.387,2766.506,770.835,11129.886,3537.341,15632.045999999998
2024-07-03 18:15:00,19101.559,2488.075,684.483,11018.114,3172.558,15929.001
2024-07-03 18:30:00,19368.58,2116.52,641.423,11743.158,2757.943,16610.637000000002
2024-07-03 18:45:00,19555.89,1846.968,572.412,12253.062,2419.38,17136.51
2024-07-03 19:00:00,19504.54,1587.411,485.429,12560.039,2072.84,17431.7
2024-07-03 19:15:00,19421.58,1286.14,402.593,12644.214,1688.7330000000002,17732.847
2024-07-03 19:30:00,19445.92,1044.677,351.819,12830.0,1396.4959999999999,18049.424
2024-07-03 19:45:00,19667.354,799.981,311.313,12897.116,1111.2939999999999,18556.059999999998
2024-07-03 20:00:00,19696.318,684.259,275.803,13215.787,960.062,18736.255999999998
2024-07-03 20:15:00,19711.766,531.17,281.57,12919.056,812.74,18899.025999999998
2024-07-03 20:30:00,19538.34,393.392,262.822,12992.731,656.2139999999999,18882.126
2024-07-03 20:45:00,19589.943,261.516,265.383,13070.635,526.899,19063.043999999998
2024-07-03 21:00:00,19473.389,194.245,276.029,13020.923,470.274,19003.114999999998
2024-07-03 21:15:00,19238.373,29.031,263.883,12986.074,292.914,18945.459
2024-07-03 21:30:00,19085.193,0.0,240.647,12789.985,240.647,18844.546
2024-07-03 21:45:00,18838.928,0.0,232.334,12697.704,232.334,18606.594
2024-07-03 22:00:00,18294.418,0.0,256.902,12177.955,256.902,18037.516000000003
2024-07-03 22:15:00,18281.496,0.0,280.688,12259.616,280.688,18000.808
2024-07-03 22:30:00,18019.496,0.0,273.538,11817.117,273.538,17745.958
2024-07-03 22:45:00,17730.69,0.0,288.235,11566.357,288.235,17442.454999999998
2024-07-03 23:00:00,17336.61,0.0,313.005,11189.952,313.005,17023.605
2024-07-03 23:15:00,17122.193,0.0,336.886,11717.306,336.886,16785.307
2024-07-03 23:30:00,16732.215,0.0,381.163,11223.609,381.163,16351.052
2024-07-03 23:45:00,16376.321,0.0,402.232,10785.742,402.232,15974.089
2024-07-04 00:00:00,16122.701,0.0,414.263,10521.974,414.263,15708.437999999998
2024-07-04 00:15:00,16014.826,0.0,436.504,11129.432,436.504,15578.321999999998
2024-07-04 00:30:00,15770.063,0.0,460.596,10651.318,460.596,15309.467
2024-07-04 00:45:00,15470.643,0.0,486.286,10383.42,486.286,14984.357
2024-07-04 01:00:00,15346.44,0.0,509.831,10249.147,509.831,14836.609
2024-07-04 01:15:00,15334.93,0.0,516.924,10758.465,516.924,14818.006000000001
2024-07-04 01:30:00,15162.351,0.0,514.78,10571.938,514.78,14647.571
2024-07-04 01:45:00,14963.282,0.0,509.084,10315.342,509.084,14454.197999999999
2024-07-04 02:00:00,14777.709,0.0,506.829,10322.259,506.829,14270.880000000001
2024-07-04 02:15:00,14868.583,0.0,497.324,9913.855,497.324,14371.259
2024-07-04 02:30:00,14626.074,0.0,488.498,9786.872,488.498,14137.576000000001
2024-07-04 02:45:00,14712.719,0.0,453.095,9765.884,453.095,14259.624
2024-07-04 03:00:00,14789.369,0.0,471.133,9654.174,471.133,14318.236
2024-07-04 03:15:00,14735.618,0.0,486.204,9771.623,486.204,14249.414
2024-07-04 03:30:00,14764.8,0.0,489.063,9877.608,489.063,14275.737
2024-07-04 03:45:00,14719.666,0.0,475.715,9947.171,475.715,14243.951
2024-07-04 04:00:00,14623.152,0.0,456.684,9933.65,456.684,14166.468
2024-07-04 04:15:00,14613.222,0.0,443.275,9850.058,443.275,14169.947
2024-07-04 04:30:00,14685.834,65.587,445.787,9876.23,511.37399999999997,14174.460000000001
2024-07-04 04:45:00,14821.903,200.229,425.997,10278.782,626.226,14195.677
2024-07-04 05:00:00,14592.062,238.187,452.996,10121.619,691.183,13900.879
2024-07-04 05:15:00,14968.901,342.685,467.016,10568.954,809.701,14159.2
2024-07-04 05:30:00,15060.147,497.279,479.234,10404.634,976.5129999999999,14083.634000000002
2024-07-04 05:45:00,15334.185,642.397,478.176,10383.583,1120.573,14213.612
2024-07-04 06:00:00,15789.517,813.471,506.879,10606.79,1320.35,14469.167
2024-07-04 06:15:00,16827.16,1074.767,508.344,11755.569,1583.111,15244.048999999999
2024-07-04 06:30:00,17365.338,1373.35,496.403,11771.842,1869.753,15495.585
2024-07-04 06:45:00,17668.807,1692.594,459.111,12057.311,2151.705,15517.102
2024-07-04 07:00:00,18124.865,2040.216,432.709,12247.957,2472.9249999999997,15651.940000000002
2024-07-04 07:15:00,18700.97,2388.977,427.327,12497.116,2816.304,15884.666000000001
2024-07-04 07:30:00,18940.443,2789.921,446.25,12497.317,3236.171,15704.271999999999
2024-07-04 07:45:00,19087.305,3318.567,425.762,12353.215,3744.329,15342.976
2024-07-04 08:00:00,19452.344,3831.177,474.905,12077.555,4306.082,15146.262
2024-07-04 08:15:00,19454.068,4187.919,529.218,11714.914,4717.137,14736.931
2024-07-04 08:30:00,19491.576,4771.374,543.187,11083.785,5314.561,14177.015000000001
2024-07-04 08:45:00,19786.861,5296.75,568.977,10566.104,5865.727,13921.134000000002
2024-07-04 09:00:00,19910.797,5710.781,604.334,10258.349,6315.115,13595.681999999999
2024-07-04 09:15:00,19935.973,5974.985,676.571,10718.709,6651.556,13284.417000000001
2024-07-04 09:30:00,19815.852,6265.626,780.588,10187.351,7046.214,12769.637999999999
2024-07-04 09:45:00,19843.578,6324.413,902.877,9799.411,7227.289999999999,12616.288000000002
2024-07-04 10:00:00,19722.303,6627.988,1006.936,9422.935,7634.924,12087.379
2024-07-04 10:15:00,19607.424,6812.273,1183.987,9245.081,7996.26,11611.163999999999
2024-07-04 10:30:00,19681.938,6912.643,1334.093,8933.905,8246.736,11435.201999999997
2024-07-04 10:45:00,19578.938,6679.223,1496.979,8768.052,8176.202,11402.735999999997
2024-07-04 11:00:00,19847.402,6913.543,1534.686,8567.034,8448.229,11399.172999999999
2024-07-04 11:15:00,19457.13,6708.416,1651.777,8985.245,8360.193,11096.937000000002
2024-07-04 11:30:00,19642.64,6969.844,1748.689,9176.02,8718.533,10924.107
2024-07-04 11:45:00,19726.559,7002.49,1755.198,9302.531,8757.688,10968.871000000001
2024-07-04 12:00:00,19920.348,7185.288,1855.684,9429.893,9040.972,10879.376000000002
2024-07-04 12:15:00,20278.234,7328.49,1918.461,9298.096,9246.951,11031.283000000001
2024-07-04 12:30:00,20272.53,7157.596,2026.481,9451.876,9184.077,11088.453
2024-07-04 12:45:00,20045.9,7050.315,2179.605,9235.807,9229.92,10815.980000000001
2024-07-04 13:00:00,19879.016,6813.23,2185.58,9295.505,8998.81,10880.206
2024-07-04 13:15:00,19750.3,6540.862,2226.154,9598.845,8767.016,10983.284
2024-07-04 13:30:00,19992.617,6851.326,2269.783,9402.753,9121.109,10871.507999999998
2024-07-04 13:45:00,19677.732,6664.378,2358.008,9012.531,9022.385999999999,10655.346000000001
2024-07-04 14:00:00,19375.215,6640.915,2454.44,8581.22,9095.355,10279.86
2024-07-04 14:15:00,19326.236,6549.335,2539.639,8417.975,9088.974,10237.262
2024-07-04 14:30:00,19266.814,6396.976,2617.332,8797.497,9014.307999999999,10252.506
2024-07-04 14:45:00,19297.941,6197.926,2548.819,9031.153,8746.745,10551.195999999998
2024-07-04 15:00:00,19287.58,6235.916,2520.428,9042.831,8756.344000000001,10531.236
2024-07-04 15:15:00,19623.264,6197.129,2483.703,9024.104,8680.832,10942.431999999999
2024-07-04 15:30:00,19626.133,5967.666,2505.666,9180.896,8473.332,11152.801000000001
2024-07-04 15:45:00,19648.85,5972.355,2427.565,9240.339,8399.92,11248.929999999998
2024-07-04 16:00:00,19446.809,5451.211,2388.299,9282.919,7839.51,11607.299
2024-07-04 16:15:00,19487.08,5309.608,2404.997,9748.571,7714.605,11772.475000000002
2024-07-04 16:30:00,19249.521,4804.094,2320.303,10244.619,7124.397,12125.124
2024-07-04 16:45:00,19116.236,4259.066,2362.689,10548.233,6621.754999999999,12494.481000000002
2024-07-04 17:00:00,19437.877,4299.427,2342.504,10753.923,6641.931,12795.946
2024-07-04 17:15:00,19182.63,3738.653,2267.785,10631.625,6006.438,13176.192000000001
2024-07-04 17:30:00,19340.695,3330.334,2456.926,11036.017,5787.26,13553.435
2024-07-04 17:45:00,19375.574,3041.345,2412.79,11163.998,5454.135,13921.439
2024-07-04 18:00:00,19256.018,2725.3,2255.009,11285.035,4980.309,14275.708999999999
2024-07-04 18:15:00,19177.664,2273.113,2175.138,10734.319,4448.251,14729.413
2024-07-04 18:30:00,19236.037,1857.308,2192.858,11338.505,4050.166,15185.871
2024-07-04 18:45:00,19381.25,1526.603,2079.745,11801.876,3606.348,15774.902
2024-07-04 19:00:00,19441.11,1213.032,1914.496,12413.641,3127.5280000000002,16313.582
2024-07-04 19:15:00,19295.57,978.073,1767.588,12803.279,2745.661,16549.909
2024-07-04 19:30:00,19449.027,781.74,1880.168,13028.571,2661.908,16787.119
2024-07-04 19:45:00,19545.63,602.311,1769.973,13285.328,2372.284,17173.346
2024-07-04 20:00:00,19617.348,482.465,1713.776,13378.069,2196.241,17421.107000000004
2024-07-04 20:15:00,19607.65,417.83,1490.15,12944.28,1907.98,17699.670000000002
2024-07-04 20:30:00,19548.775,329.339,1612.564,13070.349,1941.903,17606.872000000003
2024-07-04 20:45:00,19579.938,249.142,1694.068,13116.756,1943.21,17636.728
2024-07-04 21:00:00,19490.014,224.265,1889.381,13204.317,2113.646,17376.368
2024-07-04 21:15:00,19413.928,76.633,1952.675,12837.798,2029.308,17384.62
2024-07-04 21:30:00,19282.486,0.0,2048.436,12806.374,2048.436,17234.05
2024-07-04 21:45:00,18918.693,0.0,2169.374,12356.59,2169.374,16749.319
2024-07-04 22:00:00,18411.502,0.0,2272.628,11632.875,2272.628,16138.874
2024-07-04 22:15:00,18392.076,0.0,2274.407,11387.594,2274.407,16117.669000000002
2024-07-04 22:30:00,17973.486,0.0,2437.455,11075.566,2437.455,15536.031
2024-07-04 22:45:00,17885.592,0.0,2425.251,10494.545,2425.251,15460.341
2024-07-04 23:00:00,17462.63,0.0,2453.792,10103.844,2453.792,15008.838000000002
2024-07-04 23:15:00,17143.367,0.0,2485.28,10296.357,2485.28,14658.086999999998
2024-07-04 23:30:00,16684.246,0.0,2550.257,10205.547,2550.257,14133.989
2024-07-04 23:45:00,16129.14,0.0,2498.122,9727.958,2498.122,13631.018
2024-07-05 00:00:00,15878.111,0.0,2479.272,9387.612,2479.272,13398.839
2024-07-05 00:15:00,15707.247,0.0,2477.06,9998.553,2477.06,13230.187
2024-07-05 00:30:00,15334.449,0.0,2388.913,9895.742,2388.913,12945.536
2024-07-05 00:45:00,15228.883,0.0,2331.638,9647.25,2331.638,12897.244999999999
2024-07-05 01:00:00,15121.086,0.0,2331.855,9377.831,2331.855,12789.231
2024-07-05 01:15:00,14815.485,0.0,2357.868,9664.096,2357.868,12457.617
2024-07-05 01:30:00,14876.113,0.0,2293.205,9687.162,2293.205,12582.908
2024-07-05 01:45:00,14603.855,0.0,2272.055,9941.272,2272.055,12331.8
2024-07-05 02:00:00,14300.243,0.0,2169.376,9562.97,2169.376,12130.867
2024-07-05 02:15:00,14431.678,0.0,2272.194,9905.132,2272.194,12159.484
2024-07-05 02:30:00,14432.023,0.0,2272.939,9735.623,2272.939,12159.083999999999
2024-07-05 02:45:00,14465.673,0.0,2264.442,9634.524,2264.442,12201.231
2024-07-05 03:00:00,14506.329,0.0,2260.653,9616.269,2260.653,12245.676
2024-07-05 03:15:00,14514.067,0.0,2342.606,9636.814,2342.606,12171.461
2024-07-05 03:30:00,14257.394,0.0,2437.232,9472.986,2437.232,11820.162
2024-07-05 03:45:00,14453.545,0.0,2442.074,9482.575,2442.074,12011.471
2024-07-05 04:00:00,14324.822,0.0,2451.968,9288.792,2451.968,11872.854
2024-07-05 04:15:00,14156.09,0.0,2246.706,9532.817,2246.706,11909.384
2024-07-05 04:30:00,14270.032,114.424,2245.888,9456.695,2360.312,11909.72
2024-07-05 04:45:00,14482.088,219.459,2234.604,9434.613,2454.0629999999996,12028.025
2024-07-05 05:00:00,14336.978,272.374,2206.931,9274.484,2479.3050000000003,11857.672999999999
2024-07-05 05:15:00,14650.57,383.836,2109.183,9147.87,2493.0190000000002,12157.551
2024-07-05 05:30:00,14776.802,540.189,1988.96,9088.831,2529.149,12247.653
2024-07-05 05:45:00,14988.643,708.621,1867.264,9464.863,2575.8849999999998,12412.758
2024-07-05 06:00:00,15506.696,911.006,1774.311,9590.542,2685.317,12821.379
2024-07-05 06:15:00,16401.043,1158.167,1681.045,10239.156,2839.212,13561.831000000002
2024-07-05 06:30:00,17016.486,1498.572,1497.31,10570.705,2995.8819999999996,14020.604000000001
2024-07-05 06:45:00,17265.29,1843.799,1394.826,10833.638,3238.625,14026.665
2024-07-05 07:00:00,17737.58,2313.297,1301.986,11199.193,3615.2830000000004,14122.297000000002
2024-07-05 07:15:00,18525.662,2828.595,1153.949,11826.052,3982.544,14543.118
2024-07-05 07:30:00,18600.191,3440.352,1097.984,11953.941,4538.335999999999,14061.855
2024-07-05 07:45:00,18862.492,4094.176,1111.127,11156.944,5205.303,13657.188999999998
2024-07-05 08:00:00,19041.338,4770.011,1132.405,10582.701,5902.416,13138.921999999999
2024-07-05 08:15:00,19227.133,5424.695,1207.394,10486.282,6632.089,12595.044000000002
2024-07-05 08:30:00,19155.582,6078.855,1262.735,9241.246,7341.589999999999,11813.991999999998
2024-07-05 08:45:00,18925.182,6573.456,1349.159,8783.732,7922.615,11002.567000000001
2024-07-05 09:00:00,19189.266,7151.642,1475.996,8003.401,8627.637999999999,10561.628
2024-07-05 09:15:00,18981.068,7593.08,1680.017,7703.542,9273.097,9707.971
2024-07-05 09:30:00,19073.521,8086.723,1800.607,7352.739,9887.33,9186.191
2024-07-05 09:45:00,19034.613,8331.14,1956.401,7064.258,10287.541,8747.072000000002
2024-07-05 10:00:00,18934.357,8782.735,2105.91,6954.913,10888.645,8045.7119999999995
2024-07-05 10:15:00,18477.912,8639.485,2273.709,7186.755,10913.194,7564.718000000001
2024-07-05 10:30:00,19091.95,9319.368,2499.834,7124.187,11819.202000000001,7272.748
2024-07-05 10:45:00,18793.332,8936.299,2584.174,7040.574,11520.473000000002,7272.858999999997
2024-07-05 11:00:00,18934.188,9054.04,2785.284,7212.032,11839.324,7094.863999999998
2024-07-05 11:15:00,18730.352,8928.614,2765.987,6745.848,11694.600999999999,7035.751
2024-07-05 11:30:00,18553.232,8342.964,2734.688,7060.351,11077.652,7475.58
2024-07-05 11:45:00,18574.201,8756.573,2722.759,6921.838,11479.332,7094.869000000001
2024-07-05 12:00:00,18840.238,8893.75,2764.405,6829.721,11658.155,7182.0830000000005
2024-07-05 12:15:00,18736.46,8708.031,2947.891,6901.723,11655.922,7080.537999999999
2024-07-05 12:30:00,18738.455,8580.75,3126.74,6964.906,11707.49,7030.965000000002
2024-07-05 12:45:00,18641.25,8777.234,2833.31,6781.696,11610.544,7030.706
2024-07-05 13:00:00,18749.594,8530.749,2930.782,6964.702,11461.530999999999,7288.063000000002
2024-07-05 13:15:00,18832.197,8567.467,2753.371,7483.633,11320.838,7511.359
2024-07-05 13:30:00,19009.91,8348.351,2743.326,7451.724,11091.677,7918.233
2024-07-05 13:45:00,18705.867,8359.008,2750.074,7125.404,11109.082,7596.784999999998
2024-07-05 14:00:00,18356.912,8173.545,2601.33,6949.389,10774.875,7582.037
2024-07-05 14:15:00,18554.252,7911.194,2797.631,6604.895,10708.825,7845.427
2024-07-05 14:30:00,18886.418,7534.152,2784.89,7054.645,10319.042,8567.376000000002
2024-07-05 14:45:00,19419.775,7561.503,2894.287,7186.043,10455.789999999999,8963.985000000002
2024-07-05 15:00:00,18830.441,7134.968,2890.995,7431.409,10025.963,8804.478
2024-07-05 15:15:00,19047.795,6648.785,2739.887,7255.074,9388.672,9659.122999999998
2024-07-05 15:30:00,19200.793,6491.389,2964.746,7479.798,9456.135,9744.658000000001
2024-07-05 15:45:00,19014.74,6212.322,2703.783,7654.466,8916.105,10098.635000000002
2024-07-05 16:00:00,19216.809,5953.592,2718.321,7824.717,8671.913,10544.896
2024-07-05 16:15:00,19378.111,5792.609,2903.696,7929.656,8696.305,10681.806
2024-07-05 16:30:00,19359.87,5598.553,2974.227,8217.172,8572.779999999999,10787.09
2024-07-05 16:45:00,19326.037,5298.071,2798.085,8852.666,8096.156,11229.881000000001
2024-07-05 17:00:00,19156.725,4854.078,2667.017,8991.44,7521.095,11635.629999999997
2024-07-05 17:15:00,19304.434,4599.147,2508.643,9428.099,7107.79,12196.644
2024-07-05 17:30:00,19209.06,3948.744,2774.813,9589.82,6723.557000000001,12485.503
2024-07-05 17:45:00,19488.488,3841.624,2778.277,10080.178,6619.901,12868.587000000001
2024-07-05 18:00:00,19110.227,3161.317,2668.903,10141.3,5830.219999999999,13280.007
2024-07-05 18:15:00,18960.201,2860.961,2654.012,9494.679,5514.973,13445.228000000001
2024-07-05 18:30:00,19250.3,2464.718,2560.038,10414.296,5024.755999999999,14225.544
2024-07-05 18:45:00,19514.523,2104.728,2310.599,11100.095,4415.327,15099.196
2024-07-05 19:00:00,19327.602,1660.207,2221.728,11284.002,3881.9350000000004,15445.666999999998
2024-07-05 19:15:00,19457.576,1377.285,2025.164,10101.094,3402.449,16055.127
2024-07-05 19:30:00,19369.281,1088.308,1853.159,11018.597,2941.467,16427.814
2024-07-05 19:45:00,19193.621,877.031,1826.191,11265.217,2703.2219999999998,16490.398999999998
2024-07-05 20:00:00,19407.963,720.898,1787.147,11624.48,2508.045,16899.917999999998
2024-07-05 20:15:00,19244.076,590.318,1660.516,12297.752,2250.834,16993.242000000002
2024-07-05 20:30:00,19222.777,432.471,1715.28,12281.164,2147.751,17075.025999999998
2024-07-05 20:45:00,19133.145,289.761,1722.593,12237.762,2012.354,17120.791
2024-07-05 21:00:00,19134.451,241.203,1729.941,12357.232,1971.144,17163.307
2024-07-05 21:15:00,18889.736,86.609,1756.459,12377.783,1843.068,17046.668
2024-07-05 21:30:00,18635.496,0.0,1785.369,12088.289,1785.369,16850.127
2024-07-05 21:45:00,18402.525,0.0,1756.186,11917.839,1756.186,16646.339
2024-07-05 22:00:00,18077.586,0.0,1801.589,11569.65,1801.589,16275.997
2024-07-05 22:15:00,17909.123,0.0,1906.351,10739.542,1906.351,16002.771999999999
2024-07-05 22:30:00,17597.35,0.0,2022.26,10442.943,2022.26,15575.089999999998
2024-07-05 22:45:00,17410.195,0.0,2154.002,9997.45,2154.002,15256.193
2024-07-05 23:00:00,17147.658,0.0,2285.041,9762.557,2285.041,14862.616999999998
2024-07-05 23:15:00,16833.895,0.0,2402.681,10307.431,2402.681,14431.214
2024-07-05 23:30:00,16373.315,0.0,2522.487,9650.949,2522.487,13850.828000000001
2024-07-05 23:45:00,16186.813,0.0,2597.572,9280.027,2597.572,13589.241
2024-07-06 00:00:00,15894.386,0.0,2661.241,8944.268,2661.241,13233.145
2024-07-06 00:15:00,15709.257,0.0,2709.536,8551.729,2709.536,12999.721
2024-07-06 00:30:00,15522.246,0.0,2699.541,8252.359,2699.541,12822.704999999998
2024-07-06 00:45:00,14982.656,0.0,2645.838,7898.246,2645.838,12336.818000000001
2024-07-06 01:00:00,14854.304,0.0,2591.627,7808.538,2591.627,12262.677
2024-07-06 01:15:00,14796.681,0.0,2595.525,7736.111,2595.525,12201.156
2024-07-06 01:30:00,14552.83,0.0,2603.457,7646.22,2603.457,11949.373
2024-07-06 01:45:00,14453.669,0.0,2611.252,7575.138,2611.252,11842.417
2024-07-06 02:00:00,14212.286,0.0,2568.326,7458.714,2568.326,11643.96
2024-07-06 02:15:00,14379.915,0.0,2517.299,7600.248,2517.299,11862.616000000002
2024-07-06 02:30:00,14192.615,0.0,2450.423,7502.629,2450.423,11742.192
2024-07-06 02:45:00,14254.365,0.0,2342.97,7552.186,2342.97,11911.395
2024-07-06 03:00:00,14230.423,0.0,2282.549,7542.458,2282.549,11947.874
2024-07-06 03:15:00,14263.611,0.0,2128.581,8086.922,2128.581,12135.03
2024-07-06 03:30:00,14204.181,0.0,1990.87,8005.934,1990.87,12213.311000000002
2024-07-06 03:45:00,13978.732,0.0,1864.753,7994.353,1864.753,12113.979
2024-07-06 04:00:00,13926.151,0.0,1737.725,8069.985,1737.725,12188.426
2024-07-06 04:15:00,13966.512,0.0,1705.988,8745.751,1705.988,12260.524000000001
2024-07-06 04:30:00,13896.443,120.263,1736.275,8789.659,1856.538,12039.904999999999
2024-07-06 04:45:00,13893.889,244.647,1764.512,8454.685,2009.1589999999999,11884.73
2024-07-06 05:00:00,13814.345,288.647,1807.486,8473.088,2096.1330000000003,11718.212
2024-07-06 05:15:00,13657.609,386.468,1816.912,8381.484,2203.38,11454.229
2024-07-06 05:30:00,13834.381,545.627,1900.454,8198.36,2446.081,11388.3
2024-07-06 05:45:00,13650.411,692.557,1900.404,7706.212,2592.9610000000002,11057.45
2024-07-06 06:00:00,13720.19,826.49,1848.005,7782.76,2674.495,11045.695
2024-07-06 06:15:00,14101.046,1070.432,1767.914,8552.138,2838.346,11262.7
2024-07-06 06:30:00,14322.939,1452.254,1732.725,8571.684,3184.979,11137.960000000001
2024-07-06 06:45:00,14604.236,1953.595,1585.779,8544.447,3539.374,11064.862000000001
2024-07-06 07:00:00,14936.649,2581.536,1425.173,8250.999,4006.709,10929.939999999999
2024-07-06 07:15:00,15457.727,3227.503,1227.164,8470.698,4454.667,11003.060000000001
2024-07-06 07:30:00,15806.427,4048.534,1092.801,8969.716,5141.335,10665.092
2024-07-06 07:45:00,16014.839,4800.318,985.253,8532.023,5785.571,10229.268
2024-07-06 08:00:00,16486.963,5731.215,945.894,8262.324,6677.109,9809.854
2024-07-06 08:15:00,16378.698,6257.81,1046.879,8611.025,7304.689,9074.009
2024-07-06 08:30:00,16828.691,6940.545,1162.196,6760.254,8102.741,8725.949999999999
2024-07-06 08:45:00,16929.7,7819.631,1290.288,6318.032,9109.919,7819.781000000001
2024-07-06 09:00:00,16974.701,8224.043,1472.711,5959.473,9696.753999999999,7277.947000000002
2024-07-06 09:15:00,16860.05,8711.001,1708.097,5888.114,10419.098,6440.951999999999
2024-07-06 09:30:00,16922.928,9181.397,1961.067,5828.175,11142.464,5780.464
2024-07-06 09:45:00,17022.51,9583.795,2105.919,5871.302,11689.714,5332.7959999999985
2024-07-06 10:00:00,17338.256,9745.914,2189.462,5935.418,11935.376,5402.880000000001
2024-07-06 10:15:00,17556.43,9065.228,2262.764,6187.351,11327.991999999998,6228.438000000002
2024-07-06 10:30:00,17379.71,9158.816,2479.954,5980.676,11638.77,5740.939999999999
2024-07-06 10:45:00,17110.348,9083.808,2505.058,5971.242,11588.866000000002,5521.482
2024-07-06 11:00:00,17352.693,9358.243,2543.461,5984.475,11901.704,5450.989
2024-07-06 11:15:00,17277.06,9470.209,2509.994,5973.431,11980.203000000001,5296.857
2024-07-06 11:30:00,16953.893,9210.884,2564.293,5856.717,11775.177,5178.716
2024-07-06 11:45:00,16875.27,9391.462,2623.142,5824.8,12014.604,4860.666000000001
2024-07-06 12:00:00,17128.361,9545.346,2663.978,5908.409,12209.324,4919.037
2024-07-06 12:15:00,16970.71,9624.796,2576.867,6184.469,12201.663,4769.046999999999
2024-07-06 12:30:00,17111.328,9638.919,2664.91,6261.674,12303.829,4807.499000000002
2024-07-06 12:45:00,16909.834,9552.493,2712.716,5843.479,12265.209,4644.624999999998
2024-07-06 13:00:00,17149.871,9632.242,2856.545,5854.292,12488.787,4661.083999999999
2024-07-06 13:15:00,17314.602,9435.931,2903.08,6095.356,12339.011,4975.5909999999985
2024-07-06 13:30:00,17387.36,9188.361,2994.087,6172.478,12182.448,5204.912
2024-07-06 13:45:00,17170.219,9021.432,3136.089,5884.257,12157.521,5012.698
2024-07-06 14:00:00,16889.006,8549.158,3235.424,6077.597,11784.581999999999,5104.424000000003
2024-07-06 14:15:00,17044.342,8289.507,3345.141,6220.775,11634.648,5409.694000000001
2024-07-06 14:30:00,17280.096,8420.57,3350.35,6339.57,11770.92,5509.176000000001
2024-07-06 14:45:00,17360.87,8183.591,3504.431,6369.901,11688.022,5672.847999999998
2024-07-06 15:00:00,16869.664,7541.191,3458.931,6370.058,11000.122,5869.542000000001
2024-07-06 15:15:00,16882.055,7333.04,3429.29,6184.414,10762.33,6119.725
2024-07-06 15:30:00,17245.752,7153.187,3649.756,6295.311,10802.943,6442.809000000001
2024-07-06 15:45:00,16859.537,6727.558,3736.222,6307.292,10463.78,6395.757
2024-07-06 16:00:00,16800.746,6469.647,3667.824,6306.744,10137.471,6663.275
2024-07-06 16:15:00,17541.543,7124.509,4161.237,5948.854,11285.746,6255.797000000002
2024-07-06 16:30:00,17084.637,6610.201,4248.653,6012.016,10858.854,6225.782999999999
2024-07-06 16:45:00,17237.982,6126.64,4374.64,6427.047,10501.28,6736.701999999999
2024-07-06 17:00:00,17488.555,5899.699,4456.479,6589.137,10356.178,7132.377
2024-07-06 17:15:00,17728.135,6452.13,4731.032,5884.345,11183.162,6544.972999999998
2024-07-06 17:30:00,17832.951,6025.843,4693.056,6021.238,10718.899,7114.0520000000015
2024-07-06 17:45:00,17873.516,5540.945,4652.141,6460.35,10193.086,7680.43
2024-07-06 18:00:00,17944.377,4760.863,4539.468,7004.882,9300.331,8644.046
2024-07-06 18:15:00,17974.652,4243.702,4313.69,6813.489,8557.392,9417.259999999998
2024-07-06 18:30:00,17804.71,3317.476,4233.633,7758.713,7551.109,10253.600999999999
2024-07-06 18:45:00,17845.621,2864.027,4314.123,8651.603,7178.15,10667.471
2024-07-06 19:00:00,17849.729,2293.168,4348.408,9104.133,6641.576000000001,11208.152999999998
2024-07-06 19:15:00,17896.137,1765.168,4326.338,8164.994,6091.505999999999,11804.631
2024-07-06 19:30:00,18043.748,1509.823,4455.303,8671.818,5965.126,12078.622
2024-07-06 19:45:00,18028.562,1263.279,4341.146,9000.894,5604.424999999999,12424.137000000002
2024-07-06 20:00:00,17770.623,867.146,4306.107,9299.823,5173.253,12597.369999999999
2024-07-06 20:15:00,17602.97,691.412,4172.29,9460.605,4863.702,12739.268
2024-07-06 20:30:00,17342.172,373.374,4458.764,9276.54,4832.138,12510.034
2024-07-06 20:45:00,17230.576,220.15,4468.997,9248.276,4689.147,12541.429
2024-07-06 21:00:00,17001.475,126.567,4430.915,9175.335,4557.482,12443.992999999999
2024-07-06 21:15:00,16772.574,77.975,4851.789,9168.179,4929.764,11842.810000000001
2024-07-06 21:30:00,16874.227,0.0,5050.167,9187.38,5050.167,11824.059999999998
2024-07-06 21:45:00,16697.387,0.0,4980.576,9135.174,4980.576,11716.810999999998
2024-07-06 22:00:00,16374.056,0.0,4803.818,8915.068,4803.818,11570.238000000001
2024-07-06 22:15:00,16346.793,0.0,4738.557,8439.826,4738.557,11608.236
2024-07-06 22:30:00,16084.929,0.0,4669.777,8293.283,4669.777,11415.152
2024-07-06 22:45:00,15783.246,0.0,4667.281,7926.691,4667.281,11115.965
2024-07-06 23:00:00,15510.711,0.0,4760.11,7533.108,4760.11,10750.600999999999
2024-07-06 23:15:00,15206.472,0.0,4778.68,8014.921,4778.68,10427.792
2024-07-06 23:30:00,14815.297,0.0,4856.651,7498.961,4856.651,9958.646
2024-07-06 23:45:00,14602.462,0.0,4923.662,7120.068,4923.662,9678.8
2024-07-07 00:00:00,14126.909,0.0,5032.381,6749.696,5032.381,9094.527999999998
2024-07-07 00:15:00,14000.57,0.0,5049.013,7180.141,5049.013,8951.557
2024-07-07 00:30:00,13684.148,0.0,5100.88,6797.811,5100.88,8583.268
2024-07-07 00:45:00,13482.895,0.0,5061.107,6694.422,5061.107,8421.788
2024-07-07 01:00:00,13103.232,0.0,4663.762,6739.273,4663.762,8439.470000000001
2024-07-07 01:15:00,12961.337,0.0,4611.326,6768.943,4611.326,8350.010999999999
2024-07-07 01:30:00,12972.641,0.0,4633.229,6785.973,4633.229,8339.412
2024-07-07 01:45:00,13040.05,0.0,4615.917,6749.497,4615.917,8424.132999999998
2024-07-07 02:00:00,12556.039,0.0,4366.509,6729.44,4366.509,8189.530000000001
2024-07-07 02:15:00,12660.854,0.0,4227.504,6933.135,4227.504,8433.349999999999
2024-07-07 02:30:00,12717.483,0.0,4124.179,6865.907,4124.179,8593.304
2024-07-07 02:45:00,12601.56,0.0,3963.75,6990.375,3963.75,8637.81
2024-07-07 03:00:00,12660.786,0.0,3842.242,7131.735,3842.242,8818.544
2024-07-07 03:15:00,12544.589,0.0,3756.769,7169.833,3756.769,8787.82
2024-07-07 03:30:00,12474.614,0.0,3547.419,7277.566,3547.419,8927.195
2024-07-07 03:45:00,12676.879,0.0,3569.347,7332.73,3569.347,9107.532000000001
2024-07-07 04:00:00,12422.245,0.0,3435.718,7749.657,3435.718,8986.527000000002
2024-07-07 04:15:00,12355.506,0.0,3438.258,7606.577,3438.258,8917.248
2024-07-07 04:30:00,12208.405,48.661,3279.58,7514.939,3328.241,8880.164
2024-07-07 04:45:00,12247.441,83.298,3226.715,7413.489,3310.013,8937.428
2024-07-07 05:00:00,12177.72,128.288,3115.567,7548.248,3243.855,8933.865
2024-07-07 05:15:00,12169.702,209.163,2878.63,7389.333,3087.793,9081.909
2024-07-07 05:30:00,12304.168,361.372,2659.998,7232.643,3021.37,9282.797999999999
2024-07-07 05:45:00,12304.889,518.11,2501.066,7054.725,3019.176,9285.713
2024-07-07 06:00:00,12285.827,782.869,2359.323,7107.266,3142.192,9143.634999999998
2024-07-07 06:15:00,12517.139,1031.641,2292.627,7168.168,3324.268,9192.871
2024-07-07 06:30:00,12799.134,1308.739,2222.663,7343.313,3531.402,9267.732
2024-07-07 06:45:00,12979.296,1615.637,2209.888,7392.94,3825.5249999999996,9153.771
2024-07-07 07:00:00,13233.379,1836.436,2306.682,7424.861,4143.1179999999995,9090.261000000002
2024-07-07 07:15:00,13224.78,2048.832,2268.314,7189.13,4317.146,8907.634000000002
2024-07-07 07:30:00,13129.582,2344.134,2191.765,7078.833,4535.898999999999,8593.683
2024-07-07 07:45:00,13484.649,2715.504,2133.555,6933.274,4849.058999999999,8635.59
2024-07-07 08:00:00,13613.523,3051.394,2232.574,6908.123,5283.968,8329.555
2024-07-07 08:15:00,13824.421,3556.712,2312.34,6844.527,5869.052,7955.369000000001
2024-07-07 08:30:00,13747.409,3969.083,2198.77,6815.728,6167.853,7579.556
2024-07-07 08:45:00,14055.947,4385.331,2113.724,6407.831,6499.055,7556.892
2024-07-07 09:00:00,14465.537,4754.299,1991.609,6304.733,6745.907999999999,7719.629000000001
2024-07-07 09:15:00,14552.91,4966.368,1831.152,6553.248,6797.52,7755.389999999999
2024-07-07 09:30:00,14666.268,5387.884,1740.557,6306.031,7128.441,7537.827
2024-07-07 09:45:00,14939.71,5698.477,1692.251,6361.091,7390.728,7548.981999999999
2024-07-07 10:00:00,14942.017,6156.589,1687.832,6346.076,7844.421,7097.596
2024-07-07 10:15:00,15022.754,6533.366,1575.236,6363.707,8108.602,6914.152000000001
2024-07-07 10:30:00,15252.501,6997.695,1471.017,6276.677,8468.712,6783.789000000001
2024-07-07 10:45:00,15250.85,7187.844,1400.164,6257.19,8588.008,6662.842000000001
2024-07-07 11:00:00,15041.252,7173.094,1427.721,6235.391,8600.815,6440.437
2024-07-07 11:15:00,15275.228,7486.14,1371.898,6281.606,8858.038,6417.189999999999
2024-07-07 11:30:00,15127.761,7302.867,1424.196,6195.688,8727.063,6400.698
2024-07-07 11:45:00,15202.911,7297.519,1434.955,6209.286,8732.474,6470.437
2024-07-07 12:00:00,15287.538,7471.942,1463.576,6211.041,8935.518,6352.02
2024-07-07 12:15:00,15246.239,7588.523,1487.784,6228.019,9076.307,6169.931999999999
2024-07-07 12:30:00,15403.472,7759.481,1467.227,6197.694,9226.708,6176.763999999999
2024-07-07 12:45:00,15464.498,7505.635,1377.79,6449.748,8883.425,6581.073
2024-07-07 13:00:00,15525.62,7525.807,1310.443,6261.739,8836.25,6689.370000000001
2024-07-07 13:15:00,15555.544,6634.401,1282.03,6795.562,7916.431,7639.113
2024-07-07 13:30:00,15634.246,6593.782,1233.205,6887.798,7826.987,7807.258999999999
2024-07-07 13:45:00,15443.231,6541.877,1171.1,6851.642,7712.977000000001,7730.253999999999
2024-07-07 14:00:00,15178.91,6003.581,1115.965,7045.91,7119.546,8059.364
2024-07-07 14:15:00,15281.459,5937.186,1019.407,7555.155,6956.593,8324.866000000002
2024-07-07 14:30:00,14961.837,5824.671,949.782,7853.974,6774.453,8187.383999999999
2024-07-07 14:45:00,15178.244,5737.484,958.702,8089.757,6696.186000000001,8482.058
2024-07-07 15:00:00,15321.874,5603.977,904.302,8313.176,6508.2789999999995,8813.595000000001
2024-07-07 15:15:00,15397.949,5430.833,906.438,6861.565,6337.271,9060.678
2024-07-07 15:30:00,15512.921,5348.921,856.231,7013.551,6205.152,9307.769
2024-07-07 15:45:00,15417.483,5095.393,777.845,7247.435,5873.238,9544.244999999999
2024-07-07 16:00:00,15377.822,4662.49,716.137,7479.431,5378.6269999999995,9999.195
2024-07-07 16:15:00,15486.881,4327.908,664.753,7661.945,4992.661,10494.22
2024-07-07 16:30:00,15442.376,3880.879,625.274,8485.785,4506.153,10936.223
2024-07-07 16:45:00,15574.084,3635.834,592.379,9110.986,4228.213,11345.871000000001
2024-07-07 17:00:00,15746.173,3242.052,560.952,9433.589,3803.004,11943.169000000002
2024-07-07 17:15:00,15610.694,3166.66,520.23,8103.658,3686.89,11923.804
2024-07-07 17:30:00,16016.283,2983.711,467.085,8756.121,3450.796,12565.487
2024-07-07 17:45:00,15808.136,2660.162,429.653,9121.929,3089.8149999999996,12718.321
2024-07-07 18:00:00,15854.489,2253.238,385.37,9608.477,2638.6079999999997,13215.881
2024-07-07 18:15:00,15958.844,2017.817,387.399,8671.852,2405.216,13553.627999999999
2024-07-07 18:30:00,16184.191,1820.468,375.204,9076.771,2195.672,13988.519
2024-07-07 18:45:00,16006.014,1494.202,367.259,9626.554,1861.461,14144.553
2024-07-07 19:00:00,16058.846,1301.339,354.874,9966.563,1656.213,14402.633
2024-07-07 19:15:00,16126.909,1141.057,365.984,9430.73,1507.041,14619.868
2024-07-07 19:30:00,16264.34,972.341,336.18,9787.273,1308.521,14955.819
2024-07-07 19:45:00,16292.592,816.05,346.499,9614.808,1162.549,15130.043000000001
2024-07-07 20:00:00,16483.81,678.398,414.682,9637.29,1093.08,15390.730000000001
2024-07-07 20:15:00,16423.043,538.368,375.566,9230.969,913.934,15509.109000000002
2024-07-07 20:30:00,16300.268,363.469,378.252,9235.767,741.721,15558.547
2024-07-07 20:45:00,16239.901,278.446,401.701,9336.786,680.147,15559.753999999999
2024-07-07 21:00:00,16313.438,197.313,405.977,9395.734,603.29,15710.148000000001
2024-07-07 21:15:00,16279.051,72.693,464.763,9156.713,537.456,15741.595
2024-07-07 21:30:00,16252.702,0.0,462.383,9221.251,462.383,15790.319
2024-07-07 21:45:00,16368.575,0.0,547.185,9172.939,547.185,15821.390000000001
2024-07-07 22:00:00,16157.284,0.0,574.976,9127.767,574.976,15582.307999999999
2024-07-07 22:15:00,15945.813,0.0,542.101,9778.788,542.101,15403.712
2024-07-07 22:30:00,15736.289,0.0,565.148,9314.993,565.148,15171.141000000001
2024-07-07 22:45:00,15428.042,0.0,607.176,8994.55,607.176,14820.866
2024-07-07 23:00:00,15210.873,0.0,684.786,8649.033,684.786,14526.087
2024-07-07 23:15:00,14874.878,0.0,648.212,8853.665,648.212,14226.666000000001
2024-07-07 23:30:00,14785.326,0.0,633.226,8649.442,633.226,14152.099999999999
2024-07-07 23:45:00,14428.249,0.0,627.469,8336.047,627.469,13800.779999999999
2024-07-08 00:00:00,14228.726,0.0,602.125,8061.534,602.125,13626.601
2024-07-08 00:15:00,14186.728,0.0,600.138,8485.274,600.138,13586.589999999998
2024-07-08 00:30:00,13882.706,0.0,607.343,8028.914,607.343,13275.363
2024-07-08 00:45:00,13836.527,0.0,637.761,8074.211,637.761,13198.766
2024-07-08 01:00:00,13637.398,0.0,691.92,7922.752,691.92,12945.478
2024-07-08 01:15:00,13494.618,0.0,705.65,7876.325,705.65,12788.968
2024-07-08 01:30:00,13455.937,0.0,681.762,7809.25,681.762,12774.175
2024-07-08 01:45:00,13254.472,0.0,677.819,7782.638,677.819,12576.653
2024-07-08 02:00:00,13130.107,0.0,672.53,7642.341,672.53,12457.577
2024-07-08 02:15:00,13315.559,0.0,705.013,7863.67,705.013,12610.545999999998
2024-07-08 02:30:00,13095.181,0.0,727.157,7757.215,727.157,12368.024000000001
2024-07-08 02:45:00,13073.29,0.0,750.97,7669.955,750.97,12322.320000000002
2024-07-08 03:00:00,13142.819,0.0,713.443,7701.803,713.443,12429.376
2024-07-08 03:15:00,12985.186,0.0,668.884,7727.226,668.884,12316.302
2024-07-08 03:30:00,13211.246,0.0,646.211,7742.285,646.211,12565.035
2024-07-08 03:45:00,13071.664,0.0,653.355,7719.099,653.355,12418.309000000001
2024-07-08 04:00:00,13181.265,0.0,635.953,7742.246,635.953,12545.312
2024-07-08 04:15:00,13235.672,0.0,627.051,7742.325,627.051,12608.621000000001
2024-07-08 04:30:00,13005.645,51.769,624.883,7739.665,676.652,12328.993
2024-07-08 04:45:00,13260.833,67.742,623.189,7818.572,690.9309999999999,12569.902
2024-07-08 05:00:00,13500.938,194.535,620.642,7932.915,815.177,12685.761
2024-07-08 05:15:00,13591.162,272.715,633.189,8253.771,905.904,12685.258
2024-07-08 05:30:00,13881.584,422.457,642.021,8275.087,1064.478,12817.106
2024-07-08 05:45:00,14194.74,608.95,644.829,8589.665,1253.779,12940.961
2024-07-08 06:00:00,15012.487,862.171,595.527,9053.798,1457.698,13554.788999999999
2024-07-08 06:15:00,16155.699,1104.978,586.935,9093.957,1691.913,14463.786
2024-07-08 06:30:00,16799.535,1323.193,573.881,9634.996,1897.074,14902.461
2024-07-08 06:45:00,17295.938,1635.656,530.913,9877.358,2166.569,15129.368999999999
2024-07-08 07:00:00,17819.842,2017.197,459.388,10269.913,2476.585,15343.257000000001
2024-07-08 07:15:00,18398.145,2461.263,403.797,11473.226,2865.06,15533.085000000001
2024-07-08 07:30:00,19007.564,2951.888,331.345,11450.591,3283.233,15724.330999999998
2024-07-08 07:45:00,19220.066,3458.173,270.346,11531.851,3728.519,15491.546999999999
2024-07-08 08:00:00,19595.764,3936.621,226.633,11293.068,4163.254,15432.509999999998
2024-07-08 08:15:00,19787.744,4430.727,175.909,11078.302,4606.6359999999995,15181.108
2024-07-08 08:30:00,19903.193,4939.829,163.63,10808.893,5103.459,14799.734
2024-07-08 08:45:00,19976.104,5468.704,166.396,10370.488,5635.099999999999,14341.004
2024-07-08 09:00:00,19912.62,5910.139,180.952,9917.673,6091.091,13821.528999999999
2024-07-08 09:15:00,20170.203,6494.096,182.449,9572.973,6676.544999999999,13493.658000000003
2024-07-08 09:30:00,20319.807,7269.855,193.808,9055.298,7463.663,12856.144
2024-07-08 09:45:00,20148.227,7554.412,214.257,8611.408,7768.669,12379.557999999999
2024-07-08 10:00:00,19924.068,8127.287,239.076,8018.91,8366.363,11557.705
2024-07-08 10:15:00,19891.604,8319.245,265.093,8227.903,8584.338000000002,11307.265999999998
2024-07-08 10:30:00,20053.754,8577.68,253.703,7821.282,8831.383,11222.371000000001
2024-07-08 10:45:00,20255.238,8680.234,276.296,7852.962,8956.53,11298.708
2024-07-08 11:00:00,20400.902,8859.86,297.203,7987.971,9157.063,11243.838999999998
2024-07-08 11:15:00,19804.652,8657.443,351.512,8330.26,9008.955,10795.696999999998
2024-07-08 11:30:00,20103.867,8802.291,369.58,8318.255,9171.871,10931.996
2024-07-08 11:45:00,20165.975,9112.292,390.311,8247.79,9502.603,10663.372
2024-07-08 12:00:00,20029.877,8844.905,384.111,8274.248,9229.016000000001,10800.860999999999
2024-07-08 12:15:00,20008.396,8754.216,365.33,8323.523,9119.546,10888.85
2024-07-08 12:30:00,20444.15,8888.583,362.349,8608.231,9250.932,11193.218
2024-07-08 12:45:00,20439.916,8996.865,323.868,8786.308,9320.733,11119.183
2024-07-08 13:00:00,20267.375,8680.832,276.374,8875.07,8957.206,11310.169
2024-07-08 13:15:00,20626.79,8861.851,274.239,9314.1,9136.09,11490.7
2024-07-08 13:30:00,20459.65,8797.594,276.647,9272.489,9074.241,11385.409000000001
2024-07-08 13:45:00,20144.773,8399.843,281.457,9227.71,8681.300000000001,11463.473
2024-07-08 14:00:00,19613.994,8813.883,299.364,8801.358,9113.247,10500.747
2024-07-08 14:15:00,19876.389,8741.536,315.394,8531.339,9056.93,10819.458999999999
2024-07-08 14:30:00,20101.328,8619.668,304.802,8626.137,8924.47,11176.858000000002
2024-07-08 14:45:00,20092.098,8555.342,242.52,8662.799,8797.862000000001,11294.236
2024-07-08 15:00:00,20423.447,8463.774,255.274,8610.81,8719.047999999999,11704.399000000001
2024-07-08 15:15:00,19849.293,7948.773,287.345,8437.225,8236.118,11613.175000000001
2024-07-08 15:30:00,20172.7,7644.571,245.53,8892.666,7890.101,12282.599000000002
2024-07-08 15:45:00,20519.182,7597.048,239.279,8881.457,7836.326999999999,12682.855000000001
2024-07-08 16:00:00,20784.658,7493.89,260.27,9597.648,7754.16,13030.498
2024-07-08 16:15:00,20278.357,6863.932,226.191,10252.804,7090.123,13188.234
2024-07-08 16:30:00,20443.963,6682.061,247.818,10216.378,6929.879,13514.083999999999
2024-07-08 16:45:00,20585.252,6410.564,224.257,10304.165,6634.821,13950.431
2024-07-08 17:00:00,20631.982,5907.216,201.662,10400.065,6108.878000000001,14523.104
2024-07-08 17:15:00,20539.285,5388.225,199.025,10021.016,5587.25,14952.035
2024-07-08 17:30:00,20720.06,5071.439,188.167,11003.009,5259.606000000001,15460.454000000002
2024-07-08 17:45:00,20803.371,4582.984,173.579,11683.823,4756.563,16046.807999999999
2024-07-08 18:00:00,20417.248,3998.913,163.913,12009.155,4162.826,16254.421999999999
2024-07-08 18:15:00,20490.135,3509.574,170.882,10881.708,3680.456,16809.678999999996
2024-07-08 18:30:00,20623.008,3075.231,165.385,11312.572,3240.616,17382.392
2024-07-08 18:45:00,20962.262,2640.811,188.457,12056.843,2829.268,18132.994
2024-07-08 19:00:00,20659.287,2224.134,182.12,12474.653,2406.254,18253.033
2024-07-08 19:15:00,20762.889,1868.99,223.744,12352.973,2092.734,18670.155
2024-07-08 19:30:00,20864.727,1531.59,226.426,12953.079,1758.0159999999998,19106.711
2024-07-08 19:45:00,20902.26,1275.169,213.148,13236.623,1488.317,19413.943
2024-07-08 20:00:00,20889.438,1128.323,262.798,13682.808,1391.121,19498.317
2024-07-08 20:15:00,20946.688,1022.767,262.567,13837.264,1285.334,19661.354
2024-07-08 20:30:00,20720.85,820.207,268.092,13920.903,1088.299,19632.551
2024-07-08 20:45:00,20556.584,656.766,265.362,13748.158,922.1279999999999,19634.456
2024-07-08 21:00:00,20656.203,546.658,281.71,13697.766,828.3679999999999,19827.835000000003
2024-07-08 21:15:00,20286.326,285.171,293.062,12819.83,578.233,19708.093
2024-07-08 21:30:00,19879.0,0.0,308.91,12746.224,308.91,19570.09
2024-07-08 21:45:00,19512.107,0.0,332.546,12413.893,332.546,19179.561
2024-07-08 22:00:00,19189.338,0.0,352.026,11934.758,352.026,18837.311999999998
2024-07-08 22:15:00,19135.227,0.0,360.952,11910.016,360.952,18774.274999999998
2024-07-08 22:30:00,18794.463,0.0,362.31,11659.424,362.31,18432.153
2024-07-08 22:45:00,18402.174,0.0,373.45,11202.608,373.45,18028.724
2024-07-08 23:00:00,18069.924,0.0,385.265,10880.764,385.265,17684.659
2024-07-08 23:15:00,17679.314,0.0,422.616,11828.097,422.616,17256.697999999997
2024-07-08 23:30:00,17317.262,0.0,445.792,11157.338,445.792,16871.469999999998
2024-07-08 23:45:00,16821.777,0.0,468.718,10714.598,468.718,16353.058999999997
2024-07-09 00:00:00,16489.05,0.0,504.54,10453.241,504.54,15984.509999999998
2024-07-09 00:15:00,16487.1,0.0,554.812,10972.243,554.812,15932.287999999999
2024-07-09 00:30:00,15924.497,0.0,554.886,10452.048,554.886,15369.610999999999
2024-07-09 00:45:00,15993.23,0.0,558.164,10409.712,558.164,15435.065999999999
2024-07-09 01:00:00,15613.177,0.0,606.462,10152.357,606.462,15006.715
2024-07-09 01:15:00,15611.71,0.0,649.261,10240.285,649.261,14962.448999999999
2024-07-09 01:30:00,15522.273,0.0,618.12,10064.841,618.12,14904.152999999998
2024-07-09 01:45:00,15243.895,0.0,618.131,9987.737,618.131,14625.764000000001
2024-07-09 02:00:00,15208.561,0.0,604.551,9992.358,604.551,14604.01
2024-07-09 02:15:00,15140.1,0.0,592.889,10198.492,592.889,14547.211000000001
2024-07-09 02:30:00,14929.876,0.0,562.759,9967.078,562.759,14367.117
2024-07-09 02:45:00,14927.742,0.0,575.543,10018.47,575.543,14352.199
2024-07-09 03:00:00,14908.714,0.0,616.05,9938.509,616.05,14292.664
2024-07-09 03:15:00,14905.974,0.0,622.078,9825.495,622.078,14283.896
2024-07-09 03:30:00,15009.285,0.0,620.286,9932.855,620.286,14388.999
2024-07-09 03:45:00,14943.667,0.0,632.539,9834.576,632.539,14311.127999999999
2024-07-09 04:00:00,14823.436,0.0,685.503,9742.388,685.503,14137.932999999999
2024-07-09 04:15:00,14743.004,0.0,710.523,9579.323,710.523,14032.481000000002
2024-07-09 04:30:00,14717.951,75.145,676.827,9546.897,751.972,13965.979
2024-07-09 04:45:00,14665.189,113.015,730.178,9447.619,843.193,13821.996000000001
2024-07-09 05:00:00,15258.939,599.178,756.88,9456.575,1356.058,13902.881000000001
2024-07-09 05:15:00,15340.748,702.013,803.425,10052.449,1505.438,13835.31
2024-07-09 05:30:00,15574.601,849.582,865.339,9723.68,1714.921,13859.68
2024-07-09 05:45:00,15913.864,997.26,867.165,9992.503,1864.425,14049.439
2024-07-09 06:00:00,16365.419,1234.935,806.785,10110.063,2041.7199999999998,14323.699
2024-07-09 06:15:00,17359.207,1433.083,770.415,10256.849,2203.498,15155.708999999999
2024-07-09 06:30:00,17734.176,1464.512,731.936,10549.685,2196.448,15537.728
2024-07-09 06:45:00,18191.535,1871.317,691.527,10746.909,2562.844,15628.690999999999
2024-07-09 07:00:00,18644.96,2340.748,595.447,10955.996,2936.195,15708.765
2024-07-09 07:15:00,19304.055,2869.694,541.406,11630.116,3411.1,15892.955
2024-07-09 07:30:00,19527.398,3409.268,444.437,11555.899,3853.705,15673.693000000001
2024-07-09 07:45:00,19812.672,4065.303,370.044,11483.188,4435.347,15377.324999999999
2024-07-09 08:00:00,20117.87,4623.386,287.723,11632.036,4911.109,15206.760999999999
2024-07-09 08:15:00,20450.855,5286.712,250.331,12790.068,5537.043000000001,14913.811999999998
2024-07-09 08:30:00,20726.502,5977.95,221.137,12429.467,6199.0869999999995,14527.415
2024-07-09 08:45:00,20705.723,6520.612,204.11,11822.455,6724.722,13981.001000000002
2024-07-09 09:00:00,20749.145,7095.898,228.003,11651.776,7323.901,13425.244
2024-07-09 09:15:00,20700.613,7750.922,241.684,11482.986,7992.606,12708.007000000001
2024-07-09 09:30:00,20954.498,8343.035,270.559,10855.44,8613.594,12340.904
2024-07-09 09:45:00,20685.42,8640.576,311.162,9893.764,8951.738,11733.681999999999
2024-07-09 10:00:00,20340.623,8923.383,356.615,9403.252,9279.998,11060.625
2024-07-09 10:15:00,20289.941,9363.742,368.334,8838.432,9732.076000000001,10557.864999999998
2024-07-09 10:30:00,20391.201,9302.137,373.78,8739.299,9675.917000000001,10715.284
2024-07-09 10:45:00,20772.457,9541.013,374.486,8749.595,9915.499000000002,10856.957999999997
2024-07-09 11:00:00,20444.984,9386.416,398.932,8904.335,9785.348,10659.636
2024-07-09 11:15:00,20665.533,9293.267,437.348,8956.792,9730.615,10934.918
2024-07-09 11:30:00,20949.623,9727.738,428.629,8956.394,10156.367,10793.256
2024-07-09 11:45:00,20927.322,9587.417,463.892,8803.842,10051.309,10876.013
2024-07-09 12:00:00,20635.227,9530.27,484.966,8718.248,10015.236,10619.990999999998
2024-07-09 12:15:00,20585.223,9547.717,455.083,8752.982,10002.800000000001,10582.423
2024-07-09 12:30:00,20846.498,9639.038,452.282,8822.889,10091.32,10755.178
2024-07-09 12:45:00,20650.797,9481.936,443.306,8873.146,9925.242,10725.554999999998
2024-07-09 13:00:00,20882.92,9737.105,444.476,8908.748,10181.581,10701.338999999998
2024-07-09 13:15:00,21010.506,9521.357,447.243,9117.804,9968.6,11041.906
2024-07-09 13:30:00,20906.523,9582.358,485.289,9124.296,10067.647,10838.876
2024-07-09 13:45:00,20570.926,9353.642,485.8,8921.29,9839.442,10731.484
2024-07-09 14:00:00,20398.377,9810.079,538.653,8155.213,10348.732,10049.645
2024-07-09 14:15:00,20228.658,9026.019,570.84,8580.501,9596.859,10631.798999999999
2024-07-09 14:30:00,20424.318,9410.791,534.298,8772.714,9945.089,10479.229
2024-07-09 14:45:00,20684.492,9207.852,554.256,8777.45,9762.108,10922.383999999998
2024-07-09 15:00:00,20681.508,9422.534,557.192,8487.524,9979.725999999999,10701.782000000003
2024-07-09 15:15:00,20549.057,8873.476,552.766,8708.05,9426.242,11122.815
2024-07-09 15:30:00,20358.717,8404.309,559.861,8933.209,8964.17,11394.547
2024-07-09 15:45:00,20596.762,8343.168,565.936,9203.737,8909.104,11687.658
2024-07-09 16:00:00,20775.023,8272.446,600.735,9537.364,8873.181,11901.842
2024-07-09 16:15:00,20543.71,7483.5,608.278,9068.858,8091.778,12451.931999999999
2024-07-09 16:30:00,20818.525,7309.94,621.631,9493.49,7931.571,12886.954000000002
2024-07-09 16:45:00,20740.02,6785.609,616.892,10023.829,7402.501,13337.519
2024-07-09 17:00:00,20811.465,6280.113,664.968,10497.721,6945.081,13866.384
2024-07-09 17:15:00,20897.852,5732.251,723.123,9929.906,6455.374,14442.478
2024-07-09 17:30:00,20945.586,5223.748,779.356,10398.523,6003.103999999999,14942.482
2024-07-09 17:45:00,21007.814,4597.352,778.638,11033.946,5375.99,15631.823999999999
2024-07-09 18:00:00,20847.65,4126.502,787.421,11308.05,4913.923000000001,15933.727
2024-07-09 18:15:00,20759.475,3481.195,852.755,11092.363,4333.95,16425.524999999998
2024-07-09 18:30:00,20843.65,2866.604,884.989,11958.891,3751.593,17092.057
2024-07-09 18:45:00,21020.05,2280.486,927.319,12699.246,3207.805,17812.245
2024-07-09 19:00:00,20854.871,1786.648,975.499,13109.019,2762.147,18092.724
2024-07-09 19:15:00,20843.781,1353.231,1024.382,13577.505,2377.6130000000003,18466.167999999998
2024-07-09 19:30:00,20979.457,1012.039,1127.033,13784.053,2139.072,18840.385
2024-07-09 19:45:00,21080.414,873.451,1308.201,13824.322,2181.652,18898.762000000002
2024-07-09 20:00:00,20952.496,669.856,1457.72,13865.471,2127.576,18824.92
2024-07-09 20:15:00,20828.348,512.419,1668.07,13961.066,2180.489,18647.859
2024-07-09 20:30:00,21015.66,414.668,1959.009,13984.304,2373.677,18641.983
2024-07-09 20:45:00,20731.496,247.548,2224.447,13568.944,2471.995,18259.501
2024-07-09 21:00:00,20484.766,141.669,2545.967,13146.825,2687.636,17797.13
2024-07-09 21:15:00,20521.432,82.558,2868.052,12696.006,2950.61,17570.822
2024-07-09 21:30:00,20255.643,0.0,3177.993,12082.085,3177.993,17077.65
2024-07-09 21:45:00,19876.426,0.0,3444.57,11541.714,3444.57,16431.856
2024-07-09 22:00:00,19526.504,0.0,3732.82,10965.888,3732.82,15793.684000000001
2024-07-09 22:15:00,19186.863,0.0,3928.612,11085.881,3928.612,15258.251
2024-07-09 22:30:00,18899.469,0.0,4136.772,10623.849,4136.772,14762.697
2024-07-09 22:45:00,18689.268,0.0,4153.131,10097.897,4153.131,14536.136999999999
2024-07-09 23:00:00,18060.17,0.0,4232.015,9748.751,4232.015,13828.154999999999
2024-07-09 23:15:00,17835.336,0.0,4375.458,11007.704,4375.458,13459.878
2024-07-09 23:30:00,17416.121,0.0,4487.391,10255.438,4487.391,12928.73
2024-07-09 23:45:00,16783.396,0.0,4573.148,9722.935,4573.148,12210.248
2024-07-10 00:00:00,16476.197,0.0,4583.444,9355.197,4583.444,11892.753
2024-07-10 00:15:00,16416.318,0.0,4577.616,10292.064,4577.616,11838.702
2024-07-10 00:30:00,16038.703,0.0,4597.32,9548.661,4597.32,11441.383
2024-07-10 00:45:00,15900.761,0.0,4562.0,9370.32,4562.0,11338.761
2024-07-10 01:00:00,15737.725,0.0,4536.122,8833.277,4536.122,11201.603
2024-07-10 01:15:00,15746.002,0.0,4526.786,8762.279,4526.786,11219.216
2024-07-10 01:30:00,15401.545,0.0,4541.499,8592.16,4541.499,10860.046
2024-07-10 01:45:00,15183.67,0.0,4523.077,8649.297,4523.077,10660.593
2024-07-10 02:00:00,15067.501,0.0,4489.687,8667.179,4489.687,10577.814
2024-07-10 02:15:00,14999.031,0.0,4521.215,8584.565,4521.215,10477.816
2024-07-10 02:30:00,15042.473,0.0,4499.538,8440.833,4499.538,10542.935000000001
2024-07-10 02:45:00,15101.326,0.0,4519.686,8420.22,4519.686,10581.64
2024-07-10 03:00:00,15019.025,0.0,4490.609,8410.31,4490.609,10528.416
2024-07-10 03:15:00,15181.407,0.0,4452.846,8397.869,4452.846,10728.561
2024-07-10 03:30:00,15022.154,0.0,4345.124,8345.262,4345.124,10677.03
2024-07-10 03:45:00,14993.221,0.0,4368.559,8486.888,4368.559,10624.662
2024-07-10 04:00:00,15011.688,0.0,4382.809,8361.568,4382.809,10628.879
2024-07-10 04:15:00,14840.364,0.0,4331.458,8416.23,4331.458,10508.905999999999
2024-07-10 04:30:00,15013.776,80.987,4262.666,8383.185,4343.653,10670.123
2024-07-10 04:45:00,14813.163,118.063,4284.409,8289.055,4402.472,10410.691
2024-07-10 05:00:00,14905.211,263.975,4299.592,8374.306,4563.567,10341.644
2024-07-10 05:15:00,15195.891,385.489,4365.022,8275.311,4750.5109999999995,10445.380000000001
2024-07-10 05:30:00,15146.517,524.603,4222.074,8248.55,4746.677,10399.84
2024-07-10 05:45:00,15489.66,672.761,4024.016,8464.101,4696.777,10792.883
2024-07-10 06:00:00,15922.1,802.746,3824.377,8649.827,4627.123,11294.977
2024-07-10 06:15:00,17194.246,1036.143,3555.682,9716.715,4591.825,12602.420999999998
2024-07-10 06:30:00,17655.934,1402.227,3237.237,9937.61,4639.464,13016.470000000001
2024-07-10 06:45:00,18349.55,1856.002,2894.911,10574.302,4750.9130000000005,13598.636999999999
2024-07-10 07:00:00,18837.742,2383.166,2461.273,10732.474,4844.439,13993.302999999998
2024-07-10 07:15:00,19459.266,3056.476,2095.013,12222.435,5151.489,14307.777
2024-07-10 07:30:00,19976.018,3717.908,1855.287,12786.843,5573.195,14402.823
2024-07-10 07:45:00,20317.39,4412.079,1701.367,12875.215,6113.446,14203.944
2024-07-10 08:00:00,20553.428,5113.297,1585.96,12827.672,6699.257,13854.171
2024-07-10 08:15:00,20890.316,5785.166,1456.725,12689.84,7241.891,13648.425
2024-07-10 08:30:00,21156.457,6426.016,1378.666,12520.377,7804.682,13351.774999999998
2024-07-10 08:45:00,21398.459,7097.822,1413.648,12590.332,8511.47,12886.989
2024-07-10 09:00:00,21163.305,7671.063,1394.486,12019.659,9065.549,12097.756
2024-07-10 09:15:00,21468.918,8183.488,1359.941,12294.838,9543.429,11925.489000000001
2024-07-10 09:30:00,21413.152,8618.894,1366.093,11911.832,9984.987000000001,11428.164999999997
2024-07-10 09:45:00,21340.84,9166.742,1403.752,10730.278,10570.494,10770.346
2024-07-10 10:00:00,21355.389,9657.395,1584.699,9928.297,11242.094000000001,10113.294999999998
2024-07-10 10:15:00,21158.088,9942.318,1719.452,9773.678,11661.769999999999,9496.318000000001
2024-07-10 10:30:00,21222.79,10141.41,1883.707,9372.851,12025.117,9197.673
2024-07-10 10:45:00,21333.066,10484.16,2026.733,9068.323,12510.893,8822.172999999999
2024-07-10 11:00:00,21438.506,10684.395,2235.962,9382.035,12920.357,8518.149000000001
2024-07-10 11:15:00,21376.9,10961.917,2527.128,8710.252,13489.045,7887.855000000001
2024-07-10 11:30:00,21317.85,11017.625,2781.81,8541.419,13799.435,7518.414999999999
2024-07-10 11:45:00,21303.3,11092.67,2987.902,8373.483,14080.572,7222.727999999999
2024-07-10 12:00:00,21672.02,11253.496,3211.318,8296.659,14464.813999999998,7207.206000000002
2024-07-10 12:15:00,21453.545,11209.79,3286.243,8198.509,14496.033000000001,6957.511999999997
2024-07-10 12:30:00,21519.701,10969.15,3376.534,8276.813,14345.684,7174.017000000002
2024-07-10 12:45:00,21288.97,10408.793,3386.519,8451.442,13795.312,7493.658000000001
2024-07-10 13:00:00,21497.574,10479.105,3496.834,8321.636,13975.938999999998,7521.635000000002
2024-07-10 13:15:00,21480.383,10212.249,3593.94,8075.421,13806.189,7674.194000000001
2024-07-10 13:30:00,21491.346,9683.258,3773.381,8237.034,13456.639,8034.707000000002
2024-07-10 13:45:00,21424.49,9669.52,3483.287,8518.957,13152.807,8271.683
2024-07-10 14:00:00,21276.865,9403.549,3651.728,8148.849,13055.277000000002,8221.588
2024-07-10 14:15:00,21019.047,8847.525,3514.769,8472.759,12362.294,8656.752999999999
2024-07-10 14:30:00,21143.266,8221.213,3533.782,8756.084,11754.994999999999,9388.271
2024-07-10 14:45:00,21260.713,7915.35,3702.776,9171.195,11618.126,9642.587
2024-07-10 15:00:00,21479.164,7551.786,3609.088,9395.336,11160.874,10318.29
2024-07-10 15:15:00,21398.613,7277.994,3364.776,9335.054,10642.77,10755.843
2024-07-10 15:30:00,21393.041,6904.874,3321.042,9970.998,10225.916,11167.125000000002
2024-07-10 15:45:00,21499.652,6311.716,3152.613,10613.322,9464.329,12035.322999999999
2024-07-10 16:00:00,21268.523,6165.185,3005.467,10705.674,9170.652,12097.871000000001
2024-07-10 16:15:00,21307.902,5640.874,2991.234,10227.097,8632.108,12675.793999999998
2024-07-10 16:30:00,21619.436,5247.419,2929.375,11068.526,8176.794,13442.642000000002
2024-07-10 16:45:00,21494.955,4739.89,2890.714,11616.34,7630.604,13864.351000000002
2024-07-10 17:00:00,21703.754,4479.934,2746.73,11807.767,7226.664000000001,14477.09
2024-07-10 17:15:00,21943.102,4080.006,2516.429,11092.023,6596.4349999999995,15346.667
2024-07-10 17:30:00,21833.059,3539.51,2324.484,12342.489,5863.994000000001,15969.065
2024-07-10 17:45:00,22061.252,3236.483,2221.181,12839.015,5457.664000000001,16603.588
2024-07-10 18:00:00,21719.611,2814.527,1871.904,12829.188,4686.4310000000005,17033.18
2024-07-10 18:15:00,21791.314,2440.406,1814.347,13022.817,4254.753,17536.560999999998
2024-07-10 18:30:00,22087.47,2089.784,1818.503,13797.43,3908.2870000000003,18179.183
2024-07-10 18:45:00,22264.434,1815.28,2163.786,14278.28,3979.066,18285.368000000002
2024-07-10 19:00:00,22112.191,1562.45,2203.323,14679.52,3765.773,18346.417999999998
2024-07-10 19:15:00,21995.846,1313.695,2088.525,14750.3,3402.2200000000003,18593.626
2024-07-10 19:30:00,21946.95,1076.734,1866.811,14994.726,2943.545,19003.405
2024-07-10 19:45:00,22250.578,937.91,1902.363,15293.056,2840.273,19410.305
2024-07-10 20:00:00,22017.574,824.893,1622.549,15716.242,2447.442,19570.132
2024-07-10 20:15:00,22071.611,729.821,1768.586,15951.763,2498.407,19573.204
2024-07-10 20:30:00,21862.113,661.879,1974.608,15692.535,2636.487,19225.626
2024-07-10 20:45:00,21505.432,249.104,1958.593,15569.855,2207.697,19297.735
2024-07-10 21:00:00,21217.36,174.775,1987.014,15427.615,2161.7889999999998,19055.571
2024-07-10 21:15:00,20987.506,122.929,1933.32,15445.983,2056.249,18931.257
2024-07-10 21:30:00,20707.611,0.0,2044.441,15321.53,2044.441,18663.170000000002
2024-07-10 21:45:00,20283.828,0.0,2107.821,14983.387,2107.821,18176.007
2024-07-10 22:00:00,19912.994,0.0,2322.172,14495.027,2322.172,17590.822
2024-07-10 22:15:00,19716.93,0.0,2303.209,13665.252,2303.209,17413.721
2024-07-10 22:30:00,19540.05,0.0,2497.112,13051.765,2497.112,17042.938
2024-07-10 22:45:00,19111.51,0.0,2513.96,12387.49,2513.96,16597.55
2024-07-10 23:00:00,18801.414,0.0,2498.73,12109.858,2498.73,16302.684000000001
2024-07-10 23:15:00,18097.188,0.0,2097.016,12927.573,2097.016,16000.171999999999
2024-07-10 23:30:00,17784.955,0.0,2140.65,12315.265,2140.65,15644.305000000002
2024-07-10 23:45:00,17293.42,0.0,2046.484,11783.642,2046.484,15246.935999999998
2024-07-11 00:00:00,17044.56,0.0,1895.826,11638.607,1895.826,15148.734
2024-07-11 00:15:00,16782.422,0.0,1786.372,10794.222,1786.372,14996.05
2024-07-11 00:30:00,16587.078,0.0,1470.726,10220.936,1470.726,15116.352
2024-07-11 00:45:00,16302.59,0.0,1368.108,10691.198,1368.108,14934.482
2024-07-11 01:00:00,16307.91,0.0,1372.027,10806.177,1372.027,14935.883
2024-07-11 01:15:00,16137.772,0.0,1291.546,11347.746,1291.546,14846.226
2024-07-11 01:30:00,15958.762,0.0,1239.551,11632.176,1239.551,14719.211000000001
2024-07-11 01:45:00,15884.75,0.0,1292.101,11737.831,1292.101,14592.649
2024-07-11 02:00:00,15572.005,0.0,1225.467,11489.868,1225.467,14346.537999999999
2024-07-11 02:15:00,15627.314,0.0,1180.104,11299.687,1180.104,14447.210000000001
2024-07-11 02:30:00,15668.918,0.0,1337.899,10747.299,1337.899,14331.019
2024-07-11 02:45:00,15674.458,0.0,1381.175,10913.258,1381.175,14293.283000000001
2024-07-11 03:00:00,15671.831,0.0,1477.5,10786.698,1477.5,14194.331
2024-07-11 03:15:00,15707.189,0.0,1454.531,10708.631,1454.531,14252.658
2024-07-11 03:30:00,15538.794,0.0,1417.695,10791.262,1417.695,14121.099
2024-07-11 03:45:00,15503.926,0.0,1283.662,10738.691,1283.662,14220.264
2024-07-11 04:00:00,15214.164,0.0,1246.854,10597.588,1246.854,13967.310000000001
2024-07-11 04:15:00,15506.895,0.0,1178.64,10455.954,1178.64,14328.255000000001
2024-07-11 04:30:00,15395.274,127.733,1061.441,10473.34,1189.174,14206.099999999999
2024-07-11 04:45:00,15933.769,488.48,1082.26,10616.241,1570.74,14363.029
2024-07-11 05:00:00,16019.563,608.266,1044.922,10811.005,1653.188,14366.375
2024-07-11 05:15:00,16269.859,655.013,1033.241,10943.022,1688.254,14581.605
2024-07-11 05:30:00,16321.471,757.102,915.646,10798.049,1672.748,14648.723
2024-07-11 05:45:00,16538.623,894.267,889.554,11014.439,1783.821,14754.802
2024-07-11 06:00:00,17048.193,1039.572,837.229,11383.215,1876.801,15171.392
2024-07-11 06:15:00,18237.197,1258.696,757.13,11418.913,2015.826,16221.371
2024-07-11 06:30:00,18811.05,1527.865,731.959,11777.013,2259.824,16551.226
2024-07-11 06:45:00,19178.77,1841.365,581.524,12269.325,2422.889,16755.881
2024-07-11 07:00:00,19604.322,2088.632,405.254,12792.493,2493.886,17110.436
2024-07-11 07:15:00,20330.414,2510.137,319.2,13615.9,2829.337,17501.077
2024-07-11 07:30:00,20485.352,2971.418,334.777,13744.724,3306.195,17179.157
2024-07-11 07:45:00,20824.133,3354.678,367.446,13666.853,3722.124,17102.009000000002
2024-07-11 08:00:00,21136.12,3882.505,327.466,12908.453,4209.9710000000005,16926.148999999998
2024-07-11 08:15:00,21243.238,4214.295,294.883,12349.563,4509.178,16734.06
2024-07-11 08:30:00,21352.186,4677.335,285.196,12011.651,4962.531,16389.655000000002
2024-07-11 08:45:00,21316.072,5086.287,276.308,11577.218,5362.595,15953.476999999999
2024-07-11 09:00:00,21317.81,5313.032,247.57,11388.303,5560.602,15757.208000000002
2024-07-11 09:15:00,21297.527,5681.835,237.877,11823.947,5919.712,15377.814999999999
2024-07-11 09:30:00,21324.543,6243.323,268.172,11449.79,6511.495000000001,14813.048
2024-07-11 09:45:00,21470.043,6819.515,266.322,10979.608,7085.837,14384.206000000002
2024-07-11 10:00:00,21166.906,7225.273,294.953,10805.849,7520.226000000001,13646.679999999998
2024-07-11 10:15:00,21086.578,7606.053,290.002,11159.695,7896.055,13190.523000000001
2024-07-11 10:30:00,21285.52,7811.296,398.829,10727.169,8210.125,13075.395
2024-07-11 10:45:00,21541.832,8158.047,375.687,10948.1,8533.734,13008.097999999998
2024-07-11 11:00:00,21336.9,8092.904,367.127,10502.662,8460.031,12876.869
2024-07-11 11:15:00,21457.928,8333.043,402.734,10509.829,8735.777,12722.151
2024-07-11 11:30:00,21867.896,8479.673,425.967,10725.689,8905.640000000001,12962.256
2024-07-11 11:45:00,22061.734,8608.501,463.878,10785.466,9072.379,12989.355
2024-07-11 12:00:00,22037.412,8584.232,460.941,10722.655,9045.173,12992.239
2024-07-11 12:15:00,21984.965,8563.822,421.457,10154.024,8985.279,12999.686
2024-07-11 12:30:00,22232.588,8290.658,473.253,10833.131,8763.911,13468.677
2024-07-11 12:45:00,22122.115,8174.669,422.76,11227.758,8597.429,13524.686000000002
2024-07-11 13:00:00,22072.824,8074.782,450.812,11201.158,8525.594000000001,13547.23
2024-07-11 13:15:00,22609.531,8289.727,464.623,11514.562,8754.35,13855.180999999999
2024-07-11 13:30:00,22327.145,7954.484,417.672,11739.632,8372.156,13954.989
2024-07-11 13:45:00,22122.475,7956.048,386.2,11380.129,8342.248,13780.226999999999
2024-07-11 14:00:00,21551.367,7731.523,462.403,11279.709,8193.926,13357.440999999999
2024-07-11 14:15:00,21526.451,7049.623,503.195,11325.219,7552.817999999999,13973.633000000002
2024-07-11 14:30:00,21694.73,6911.593,575.735,12049.44,7487.3279999999995,14207.402
2024-07-11 14:45:00,22045.309,6955.44,580.137,12222.422,7535.576999999999,14509.732000000002
2024-07-11 15:00:00,21876.193,6637.562,494.038,12492.486,7131.6,14744.592999999999
2024-07-11 15:15:00,21907.74,6444.502,451.485,12322.45,6895.987,15011.753
2024-07-11 15:30:00,22005.969,6131.608,433.96,12695.473,6565.568,15440.401000000002
2024-07-11 15:45:00,22089.258,5582.582,579.286,13049.388,6161.868,15927.390000000001
2024-07-11 16:00:00,21915.957,5459.038,600.602,13079.859,6059.639999999999,15856.317
2024-07-11 16:15:00,21741.006,5034.597,723.078,12454.903,5757.674999999999,15983.331000000002
2024-07-11 16:30:00,21491.805,4468.289,831.208,12850.053,5299.496999999999,16192.308
2024-07-11 16:45:00,21557.93,4115.875,840.341,13339.402,4956.216,16601.714
2024-07-11 17:00:00,21510.746,3696.191,988.582,13408.152,4684.773,16825.972999999998
2024-07-11 17:15:00,21608.135,3407.256,1248.909,13677.461,4656.165,16951.969999999998
2024-07-11 17:30:00,21759.963,3190.09,1198.23,14016.464,4388.32,17371.643
2024-07-11 17:45:00,21796.24,3147.312,1158.499,14264.03,4305.811,17490.429000000004
2024-07-11 18:00:00,21342.223,2723.511,1052.652,13924.399,3776.163,17566.06
2024-07-11 18:15:00,21009.979,2360.576,1008.777,13975.061,3369.353,17640.626
2024-07-11 18:30:00,21196.188,2076.762,872.631,14299.758,2949.393,18246.795
2024-07-11 18:45:00,21284.318,1828.736,783.73,14368.989,2612.4660000000003,18671.852
2024-07-11 19:00:00,21056.633,1635.751,807.021,14626.97,2442.772,18613.861
2024-07-11 19:15:00,20893.762,1379.279,897.887,13604.551,2277.166,18616.595999999998
2024-07-11 19:30:00,21147.43,1196.526,923.867,14178.087,2120.393,19027.037
2024-07-11 19:45:00,21032.963,965.116,1009.406,14412.456,1974.522,19058.441
2024-07-11 20:00:00,21094.182,791.462,959.829,14588.312,1751.291,19342.891
2024-07-11 20:15:00,21088.992,683.696,870.26,14332.107,1553.9560000000001,19535.036
2024-07-11 20:30:00,21140.22,548.378,690.927,14462.883,1239.305,19900.915
2024-07-11 20:45:00,20810.33,294.398,588.582,14275.992,882.98,19927.350000000002
2024-07-11 21:00:00,20607.178,150.683,563.184,14568.371,713.867,19893.311
2024-07-11 21:15:00,20462.525,84.003,593.455,14970.837,677.4580000000001,19785.067000000003
2024-07-11 21:30:00,20249.71,0.0,552.067,14993.406,552.067,19697.643
2024-07-11 21:45:00,19992.729,0.0,496.598,14776.601,496.598,19496.130999999998
2024-07-11 22:00:00,19434.79,0.0,446.814,14316.299,446.814,18987.976000000002
2024-07-11 22:15:00,19369.076,0.0,524.883,13247.736,524.883,18844.193
2024-07-11 22:30:00,19088.396,0.0,572.239,12808.069,572.239,18516.157
2024-07-11 22:45:00,18949.24,0.0,587.101,12477.072,587.101,18362.139000000003
2024-07-11 23:00:00,18409.332,0.0,567.236,12488.089,567.236,17842.095999999998
2024-07-11 23:15:00,17941.54,0.0,524.414,14369.567,524.414,17417.126
2024-07-11 23:30:00,17547.32,0.0,512.734,13926.192,512.734,17034.586
2024-07-11 23:45:00,17203.104,0.0,483.48,13181.293,483.48,16719.624
2024-07-12 00:00:00,16897.37,0.0,456.505,13108.24,456.505,16440.864999999998
2024-07-12 00:15:00,16627.973,0.0,430.165,11409.411,430.165,16197.808
2024-07-12 00:30:00,16351.706,0.0,427.388,11703.22,427.388,15924.318
2024-07-12 00:45:00,16159.25,0.0,442.885,11296.403,442.885,15716.365
2024-07-12 01:00:00,15956.298,0.0,439.149,11152.214,439.149,15517.149000000001
2024-07-12 01:15:00,15879.557,0.0,497.615,11067.421,497.615,15381.942000000001
2024-07-12 01:30:00,15746.686,0.0,463.337,10922.577,463.337,15283.349
2024-07-12 01:45:00,15709.252,0.0,433.372,10776.831,433.372,15275.880000000001
2024-07-12 02:00:00,15439.057,0.0,386.098,10560.995,386.098,15052.959
2024-07-12 02:15:00,15445.997,0.0,373.499,10640.321,373.499,15072.498
2024-07-12 02:30:00,15454.694,0.0,370.845,10621.459,370.845,15083.849
2024-07-12 02:45:00,15433.327,0.0,406.135,10637.976,406.135,15027.192
2024-07-12 03:00:00,15444.459,0.0,410.433,10660.748,410.433,15034.026000000002
2024-07-12 03:15:00,15537.086,0.0,419.464,10791.203,419.464,15117.622
2024-07-12 03:30:00,15422.509,0.0,424.704,10685.206,424.704,14997.805
2024-07-12 03:45:00,15285.364,0.0,466.282,10609.496,466.282,14819.082
2024-07-12 04:00:00,15417.253,0.0,486.95,10606.308,486.95,14930.303
2024-07-12 04:15:00,15376.495,0.0,482.487,10999.979,482.487,14894.008000000002
2024-07-12 04:30:00,15385.269,135.943,509.154,10807.404,645.097,14740.172
2024-07-12 04:45:00,15474.351,313.405,525.129,10866.156,838.534,14635.817000000001
2024-07-12 05:00:00,15689.26,416.842,552.295,10847.112,969.137,14720.123
2024-07-12 05:15:00,15843.754,533.997,558.183,10439.065,1092.1799999999998,14751.574
2024-07-12 05:30:00,15957.618,684.937,613.938,10388.745,1298.875,14658.743
2024-07-12 05:45:00,16152.59,847.092,624.096,10395.631,1471.188,14681.402
2024-07-12 06:00:00,16604.508,1058.063,592.036,10553.586,1650.0990000000002,14954.409000000001
2024-07-12 06:15:00,17635.951,1308.15,529.815,11766.824,1837.9650000000001,15797.986
2024-07-12 06:30:00,18178.283,1625.485,471.711,12196.008,2097.196,16081.087
2024-07-12 06:45:00,18633.883,1992.372,398.319,12310.048,2390.6910000000003,16243.192000000001
2024-07-12 07:00:00,18955.6,2337.78,316.684,12512.462,2654.4640000000004,16301.135999999999
2024-07-12 07:15:00,19746.102,2785.797,278.819,13369.502,3064.616,16681.485999999997
2024-07-12 07:30:00,19973.115,3359.48,238.934,13043.112,3598.414,16374.701000000001
2024-07-12 07:45:00,20297.281,3911.21,203.844,12992.373,4115.054,16182.226999999999
2024-07-12 08:00:00,20488.518,4454.928,164.951,12937.086,4619.879,15868.639
2024-07-12 08:15:00,20730.064,4927.157,158.406,12096.408,5085.563,15644.500999999998
2024-07-12 08:30:00,21038.814,5529.205,167.277,11563.274,5696.482,15342.331999999999
2024-07-12 08:45:00,21214.033,6299.127,160.331,10935.866,6459.4580000000005,14754.574999999999
2024-07-12 09:00:00,21198.686,6799.734,179.868,10659.297,6979.602000000001,14219.084
2024-07-12 09:15:00,21321.03,7105.477,199.883,11626.816,7305.36,14015.669999999998
2024-07-12 09:30:00,21147.168,7526.088,203.112,10951.289,7729.2,13417.968
2024-07-12 09:45:00,21168.264,7973.386,209.686,10593.579,8183.072,12985.192
2024-07-12 10:00:00,20852.201,8331.8,226.303,10138.114,8558.103,12294.098000000002
2024-07-12 10:15:00,20468.244,8589.202,233.499,10274.736,8822.701,11645.543
2024-07-12 10:30:00,20804.705,8886.906,249.775,9991.152,9136.681,11668.024000000001
2024-07-12 10:45:00,21166.049,9348.473,268.158,9786.009,9616.631,11549.418
2024-07-12 11:00:00,21222.11,9455.043,284.5,9805.321,9739.543,11482.567000000001
2024-07-12 11:15:00,21156.828,9389.995,301.218,9404.052,9691.213000000002,11465.615
2024-07-12 11:30:00,21294.54,9492.666,332.779,9553.309,9825.445,11469.095000000001
2024-07-12 11:45:00,21226.027,9418.142,349.426,9700.735,9767.568,11458.458999999999
2024-07-12 12:00:00,21222.291,9277.062,374.988,9712.274,9652.05,11570.241000000002
2024-07-12 12:15:00,21548.447,9576.258,382.422,9881.032,9958.68,11589.767
2024-07-12 12:30:00,21589.996,9343.859,430.684,10066.845,9774.543,11815.453
2024-07-12 12:45:00,21533.873,9267.124,461.846,10163.799,9728.97,11804.903
2024-07-12 13:00:00,21624.824,9021.05,503.49,10596.641,9524.539999999999,12100.284000000001
2024-07-12 13:15:00,21773.994,8704.038,565.373,10816.957,9269.411,12504.582999999999
2024-07-12 13:30:00,21720.838,8514.623,569.712,10831.63,9084.335,12636.503
2024-07-12 13:45:00,21517.357,8268.312,562.975,10775.361,8831.287,12686.07
2024-07-12 14:00:00,21190.715,7717.897,611.31,10540.456,8329.207,12861.508
2024-07-12 14:15:00,21212.955,7223.406,661.075,11090.816,7884.481,13328.474000000002
2024-07-12 14:30:00,21331.6,6968.805,678.904,11851.859,7647.709000000001,13683.890999999998
2024-07-12 14:45:00,21306.758,6583.843,787.315,12053.607,7371.157999999999,13935.600000000002
2024-07-12 15:00:00,21086.033,6278.79,769.564,12236.012,7048.354,14037.679
2024-07-12 15:15:00,21360.385,5933.551,810.2,12272.467,6743.751,14616.633999999998
2024-07-12 15:30:00,21271.2,5452.547,864.75,12318.165,6317.297,14953.903000000002
2024-07-12 15:45:00,21158.412,5167.493,1062.894,12314.859,6230.387000000001,14928.025
2024-07-12 16:00:00,21436.615,5201.974,1215.084,12466.834,6417.058,15019.557
2024-07-12 16:15:00,21281.29,4741.633,1324.453,11808.067,6066.085999999999,15215.204000000002
2024-07-12 16:30:00,21185.22,4251.124,1337.372,12306.788,5588.496,15596.724000000002
2024-07-12 16:45:00,21102.387,3979.209,1374.235,12644.674,5353.4439999999995,15748.943
2024-07-12 17:00:00,20860.35,3554.587,1560.872,12473.634,5115.459,15744.891
2024-07-12 17:15:00,20773.83,3350.26,1552.734,11995.667,4902.994000000001,15870.836000000001
2024-07-12 17:30:00,20920.428,2978.469,1661.439,12496.923,4639.908,16280.52
2024-07-12 17:45:00,21009.406,2590.196,1966.601,12440.384,4556.7970000000005,16452.608999999997
2024-07-12 18:00:00,20626.535,2187.475,2009.268,12665.208,4196.743,16429.792
2024-07-12 18:15:00,20641.426,1731.522,2208.228,13561.564,3939.75,16701.676
2024-07-12 18:30:00,20775.672,1383.424,2310.487,13729.052,3693.911,17081.761
2024-07-12 18:45:00,20866.293,1174.121,2356.021,13982.225,3530.1420000000003,17336.151
2024-07-12 19:00:00,20656.814,933.831,2427.085,13860.63,3360.916,17295.897999999997
2024-07-12 19:15:00,20440.947,731.496,2540.965,13927.476,3272.4610000000002,17168.486
2024-07-12 19:30:00,20536.684,622.387,2705.816,13935.236,3328.2029999999995,17208.481
2024-07-12 19:45:00,20524.744,480.675,2867.4,14041.544,3348.0750000000003,17176.668999999998
2024-07-12 20:00:00,20429.281,349.848,2953.192,13888.798,3303.04,17126.240999999998
2024-07-12 20:15:00,20424.096,299.834,2937.828,13834.024,3237.662,17186.434
2024-07-12 20:30:00,20265.367,220.405,3065.372,13615.598,3285.777,16979.589999999997
2024-07-12 20:45:00,20005.613,210.314,3080.552,13577.081,3290.866,16714.747000000003
2024-07-12 21:00:00,19972.36,153.39,3269.408,13275.527,3422.798,16549.562
2024-07-12 21:15:00,19910.055,114.893,3511.912,13194.194,3626.805,16283.25
2024-07-12 21:30:00,19639.732,0.0,3384.503,13112.392,3384.503,16255.229
2024-07-12 21:45:00,19197.318,0.0,3280.923,12818.764,3280.923,15916.395
2024-07-12 22:00:00,18539.482,0.0,3386.648,12007.277,3386.648,15152.833999999999
2024-07-12 22:15:00,18460.695,0.0,3256.185,11615.15,3256.185,15204.51
2024-07-12 22:30:00,18190.842,0.0,3164.755,11322.945,3164.755,15026.087
2024-07-12 22:45:00,17721.436,0.0,3130.997,11021.886,3130.997,14590.439000000002
2024-07-12 23:00:00,17251.398,0.0,3006.019,10436.823,3006.019,14245.379
2024-07-12 23:15:00,17049.604,0.0,2759.118,11303.09,2759.118,14290.485999999999
2024-07-12 23:30:00,16720.742,0.0,2674.816,11234.312,2674.816,14045.926
2024-07-12 23:45:00,16387.04,0.0,2599.047,11067.261,2599.047,13787.993
2024-07-13 00:00:00,16240.195,0.0,2590.94,10628.095,2590.94,13649.255
2024-07-13 00:15:00,15851.621,0.0,2595.457,10458.508,2595.457,13256.163999999999
2024-07-13 00:30:00,16033.681,0.0,2692.672,10439.998,2692.672,13341.009
2024-07-13 00:45:00,15703.622,0.0,2626.274,10105.13,2626.274,13077.348
2024-07-13 01:00:00,15529.81,0.0,2673.366,9852.082,2673.366,12856.444
2024-07-13 01:15:00,15446.748,0.0,2604.932,10508.038,2604.932,12841.815999999999
2024-07-13 01:30:00,15125.411,0.0,2536.742,10085.701,2536.742,12588.669
2024-07-13 01:45:00,14843.8,0.0,2680.857,9970.524,2680.857,12162.943
2024-07-13 02:00:00,14805.121,0.0,2728.109,9918.371,2728.109,12077.011999999999
2024-07-13 02:15:00,14871.935,0.0,2619.848,10010.484,2619.848,12252.087
2024-07-13 02:30:00,14714.335,0.0,2513.88,9911.374,2513.88,12200.454999999998
2024-07-13 02:45:00,14573.21,0.0,2371.324,9999.841,2371.324,12201.885999999999
2024-07-13 03:00:00,14488.219,0.0,2493.551,9677.619,2493.551,11994.668
2024-07-13 03:15:00,14412.216,0.0,2496.964,9887.972,2496.964,11915.252
2024-07-13 03:30:00,14484.553,0.0,2650.107,9704.621,2650.107,11834.446
2024-07-13 03:45:00,14532.185,0.0,2706.512,9637.798,2706.512,11825.672999999999
2024-07-13 04:00:00,14479.027,0.0,2680.988,9549.16,2680.988,11798.039
2024-07-13 04:15:00,14183.107,0.0,2508.848,9611.478,2508.848,11674.259
2024-07-13 04:30:00,14255.45,149.922,2423.612,9416.15,2573.534,11681.916000000001
2024-07-13 04:45:00,14040.883,150.802,2410.643,9223.828,2561.445,11479.438
2024-07-13 05:00:00,14122.726,185.271,2261.071,9311.865,2446.342,11676.384
2024-07-13 05:15:00,14159.16,228.466,2249.821,9333.925,2478.287,11680.873
2024-07-13 05:30:00,14002.25,288.437,2416.595,9538.961,2705.0319999999997,11297.218
2024-07-13 05:45:00,14064.324,402.758,2453.653,9224.453,2856.4109999999996,11207.913
2024-07-13 06:00:00,14329.541,546.065,2333.664,9042.315,2879.7290000000003,11449.811999999998
2024-07-13 06:15:00,14632.659,729.541,2314.136,9086.72,3043.677,11588.982
2024-07-13 06:30:00,14607.286,958.34,2385.594,9042.547,3343.934,11263.351999999999
2024-07-13 06:45:00,14977.605,1248.315,2524.971,8929.266,3773.286,11204.319
2024-07-13 07:00:00,15236.066,1495.46,2501.225,8794.535,3996.685,11239.381000000001
2024-07-13 07:15:00,15440.494,1801.415,2523.583,8960.044,4324.998,11115.496000000001
2024-07-13 07:30:00,15926.167,2289.315,2759.87,8598.68,5049.1849999999995,10876.982
2024-07-13 07:45:00,16231.524,2619.589,2969.846,8316.261,5589.4349999999995,10642.089
2024-07-13 08:00:00,16536.16,2981.287,3087.96,8109.305,6069.246999999999,10466.913
2024-07-13 08:15:00,16612.39,3341.071,3259.119,7807.832,6600.1900000000005,10012.199999999999
2024-07-13 08:30:00,16671.256,3617.431,3180.159,7601.006,6797.59,9873.666000000001
2024-07-13 08:45:00,16961.592,3973.283,3165.79,7452.686,7139.073,9822.519
2024-07-13 09:00:00,17460.13,4693.125,3424.773,7316.527,8117.898,9342.232
2024-07-13 09:15:00,17654.693,5033.188,3507.182,7110.269,8540.369999999999,9114.323
2024-07-13 09:30:00,17500.525,5291.838,3438.872,7023.987,8730.71,8769.815000000002
2024-07-13 09:45:00,17572.705,5513.834,3531.593,6751.199,9045.427,8527.278000000002
2024-07-13 10:00:00,17457.334,5984.203,3386.651,6782.584,9370.854,8086.48
2024-07-13 10:15:00,17774.584,6195.262,3265.756,7693.209,9461.018,8313.565999999999
2024-07-13 10:30:00,17704.076,6004.973,3365.485,7631.059,9370.458,8333.618
2024-07-13 10:45:00,17679.01,6075.851,3470.16,7577.838,9546.010999999999,8132.999
2024-07-13 11:00:00,17702.447,6171.769,3390.713,7569.561,9562.482,8139.965
2024-07-13 11:15:00,17659.963,6259.509,3352.479,8373.683,9611.988,8047.975
2024-07-13 11:30:00,17741.453,6203.85,3411.168,8148.931,9615.018,8126.435000000001
2024-07-13 11:45:00,17930.475,6652.019,3589.117,8006.909,10241.136,7689.338999999998
2024-07-13 12:00:00,17851.412,6815.546,3326.156,7719.282,10141.702000000001,7709.709999999999
2024-07-13 12:15:00,17853.723,7001.881,2958.024,7959.493,9959.905,7893.818000000001
2024-07-13 12:30:00,17673.912,6870.234,2842.848,8460.516,9713.082,7960.83
2024-07-13 12:45:00,17540.635,6954.603,2746.676,8258.167,9701.279,7839.355999999998
2024-07-13 13:00:00,17873.26,7177.724,2733.147,8687.938,9910.871,7962.388999999999
2024-07-13 13:15:00,17503.854,6996.908,2550.248,8244.854,9547.156,7956.6979999999985
2024-07-13 13:30:00,17553.312,7292.19,2553.136,8187.267,9845.326,7707.986000000003
2024-07-13 13:45:00,17264.18,7145.983,2495.761,7924.599,9641.744,7622.436
2024-07-13 14:00:00,17830.465,7765.512,2460.646,7762.993,10226.158,7604.307000000001
2024-07-13 14:15:00,17649.846,7462.772,2388.557,7745.671,9851.329,7798.517000000002
2024-07-13 14:30:00,17246.938,6848.397,2314.316,7995.971,9162.713,8084.2249999999985
2024-07-13 14:45:00,17301.338,6894.035,2369.049,8044.409,9263.083999999999,8038.254000000001
2024-07-13 15:00:00,17808.047,7326.168,2339.648,8081.66,9665.815999999999,8142.231
2024-07-13 15:15:00,17593.355,7228.564,2297.435,8013.423,9525.999,8067.356
2024-07-13 15:30:00,17496.156,6813.135,2343.699,8277.797,9156.834,8339.321999999998
2024-07-13 15:45:00,17717.736,6689.748,2297.991,8565.031,8987.739,8729.997000000001
2024-07-13 16:00:00,18213.877,6870.39,2307.096,8391.332,9177.486,9036.391
2024-07-13 16:15:00,17513.252,6844.516,3026.451,7269.065,9870.967,7642.285
2024-07-13 16:30:00,17085.219,6269.967,3071.274,7520.891,9341.241,7743.978000000001
2024-07-13 16:45:00,17422.61,5910.533,3031.807,7409.108,8942.34,8480.27
2024-07-13 17:00:00,17386.88,5516.56,2870.447,7671.857,8387.007000000001,8999.873
2024-07-13 17:15:00,17392.488,5206.648,2785.612,7254.169,7992.26,9400.228000000001
2024-07-13 17:30:00,17477.396,4904.478,2753.729,7509.623,7658.207,9819.189
2024-07-13 17:45:00,17478.236,4296.27,2556.274,8009.143,6852.544,10625.692000000001
2024-07-13 18:00:00,17295.504,3776.593,2461.318,8311.979,6237.911,11057.593
2024-07-13 18:15:00,17332.379,3306.253,2715.377,8903.613,6021.63,11310.749
2024-07-13 18:30:00,17426.537,2764.62,2637.536,9804.998,5402.156,12024.381000000001
2024-07-13 18:45:00,17531.406,2330.457,2471.396,10405.029,4801.853,12729.553
2024-07-13 19:00:00,17331.658,1799.623,2378.03,10660.499,4177.653,13154.005
2024-07-13 19:15:00,17425.678,1393.568,2314.937,10007.197,3708.505,13717.172999999999
2024-07-13 19:30:00,17517.98,1078.593,2101.445,10492.239,3180.0380000000005,14337.942
2024-07-13 19:45:00,17439.467,847.874,1926.68,10883.9,2774.554,14664.913
2024-07-13 20:00:00,17335.11,715.432,1776.396,11081.951,2491.828,14843.282000000001
2024-07-13 20:15:00,17256.926,555.178,1556.014,11171.744,2111.192,15145.734
2024-07-13 20:30:00,17334.03,400.728,1437.934,11464.91,1838.662,15495.367999999999
2024-07-13 20:45:00,17213.084,261.001,1314.286,11630.892,1575.287,15637.796999999999
2024-07-13 21:00:00,16995.488,149.72,1248.786,11812.649,1398.506,15596.982000000002
2024-07-13 21:15:00,16947.797,78.369,1227.999,11894.046,1306.368,15641.428999999998
2024-07-13 21:30:00,17087.307,0.0,1200.751,11955.945,1200.751,15886.556
2024-07-13 21:45:00,17075.703,0.0,1114.415,11995.091,1114.415,15961.288
2024-07-13 22:00:00,16789.81,0.0,1104.031,11641.727,1104.031,15685.779000000002
2024-07-13 22:15:00,16751.857,0.0,1143.459,10098.741,1143.459,15608.398
2024-07-13 22:30:00,16540.953,0.0,1204.994,9982.911,1204.994,15335.959
2024-07-13 22:45:00,16319.279,0.0,1230.653,9528.389,1230.653,15088.626
2024-07-13 23:00:00,15905.658,0.0,1284.351,9291.12,1284.351,14621.306999999999
2024-07-13 23:15:00,15662.789,0.0,1303.46,10118.485,1303.46,14359.329000000002
2024-07-13 23:30:00,15204.073,0.0,1254.702,9505.935,1254.702,13949.371000000001
2024-07-13 23:45:00,14879.345,0.0,1251.599,9296.458,1251.599,13627.746
2024-07-14 00:00:00,14443.473,0.0,1264.057,8850.723,1264.057,13179.416
2024-07-14 00:15:00,14286.197,0.0,1291.276,9580.504,1291.276,12994.921
2024-07-14 00:30:00,14023.904,0.0,1266.563,9231.222,1266.563,12757.341
2024-07-14 00:45:00,13944.214,0.0,1287.151,8961.459,1287.151,12657.063
2024-07-14 01:00:00,13687.432,0.0,1328.973,8863.741,1328.973,12358.459
2024-07-14 01:15:00,13640.083,0.0,1354.1,9100.509,1354.1,12285.983
2024-07-14 01:30:00,13398.367,0.0,1420.627,8850.707,1420.627,11977.74
2024-07-14 01:45:00,13210.814,0.0,1453.348,8566.074,1453.348,11757.466
2024-07-14 02:00:00,13162.448,0.0,1501.713,8334.845,1501.713,11660.735
2024-07-14 02:15:00,13056.175,0.0,1399.522,8619.825,1399.522,11656.652999999998
2024-07-14 02:30:00,12931.057,0.0,1340.666,8474.698,1340.666,11590.391000000001
2024-07-14 02:45:00,12796.625,0.0,1319.889,8312.76,1319.889,11476.736
2024-07-14 03:00:00,12839.183,0.0,1256.097,8318.052,1256.097,11583.086000000001
2024-07-14 03:15:00,12794.933,0.0,1273.463,8896.992,1273.463,11521.470000000001
2024-07-14 03:30:00,12784.27,0.0,1222.388,8826.465,1222.388,11561.882000000001
2024-07-14 03:45:00,12707.01,0.0,1251.781,8940.955,1251.781,11455.229
2024-07-14 04:00:00,12542.193,0.0,1244.91,8846.513,1244.91,11297.283
2024-07-14 04:15:00,12490.0,0.0,1277.782,9458.184,1277.782,11212.218
2024-07-14 04:30:00,12509.919,129.356,1388.968,9311.925,1518.324,10991.595
2024-07-14 04:45:00,12290.266,149.24,1266.895,9065.077,1416.135,10874.131
2024-07-14 05:00:00,12471.25,231.78,1330.093,8870.346,1561.873,10909.377
2024-07-14 05:15:00,12341.454,283.046,1304.82,8591.144,1587.866,10753.588
2024-07-14 05:30:00,12252.156,383.318,1340.671,8441.17,1723.989,10528.167000000001
2024-07-14 05:45:00,12406.435,507.332,1199.3,8442.552,1706.632,10699.803
2024-07-14 06:00:00,12512.707,644.318,1127.689,8378.56,1772.007,10740.7
2024-07-14 06:15:00,12696.091,765.735,1182.576,8003.748,1948.3110000000001,10747.78
2024-07-14 06:30:00,12620.291,972.107,1116.744,7881.162,2088.8509999999997,10531.439999999999
2024-07-14 06:45:00,12852.567,1153.823,1080.848,7893.573,2234.6710000000003,10617.895999999999
2024-07-14 07:00:00,13037.466,1443.466,1055.393,7939.528,2498.859,10538.607
2024-07-14 07:15:00,13267.462,1674.696,955.997,8158.483,2630.6929999999998,10636.769
2024-07-14 07:30:00,13358.27,2091.955,906.952,8035.888,2998.907,10359.363000000001
2024-07-14 07:45:00,13723.936,2652.348,719.363,8019.89,3371.7110000000002,10352.224999999999
2024-07-14 08:00:00,13768.781,3038.891,591.505,8017.881,3630.396,10138.385
2024-07-14 08:15:00,14009.233,3376.663,585.76,7836.425,3962.423,10046.810000000001
2024-07-14 08:30:00,14102.098,3772.657,508.417,7418.707,4281.0740000000005,9821.024
2024-07-14 08:45:00,14398.59,4475.298,509.047,7111.353,4984.344999999999,9414.245
2024-07-14 09:00:00,14847.929,5028.524,484.066,6876.415,5512.59,9335.339
2024-07-14 09:15:00,14795.363,5425.444,441.734,6907.712,5867.178000000001,8928.184999999998
2024-07-14 09:30:00,15098.845,6119.922,478.412,6554.957,6598.334,8500.510999999999
2024-07-14 09:45:00,14796.754,6364.274,475.17,6385.599,6839.444,7957.31
2024-07-14 10:00:00,15018.003,6924.396,431.012,6237.115,7355.407999999999,7662.595000000001
2024-07-14 10:15:00,15023.2,7324.723,500.142,6290.429,7824.865,7198.335000000001
2024-07-14 10:30:00,15095.11,7719.007,480.478,6226.306,8199.484999999999,6895.625000000002
2024-07-14 10:45:00,14770.777,7829.826,508.563,6195.396,8338.389,6432.388000000001
2024-07-14 11:00:00,15133.215,8325.505,461.893,6205.336,8787.398,6345.817000000001
2024-07-14 11:15:00,14945.621,8644.387,390.951,6222.992,9035.338,5910.282999999999
2024-07-14 11:30:00,15262.612,8919.11,378.668,6248.762,9297.778,5964.833999999999
2024-07-14 11:45:00,14980.339,8620.392,391.963,6243.849,9012.355,5967.984
2024-07-14 12:00:00,14692.509,8458.531,400.333,6306.197,8858.864000000001,5833.644999999999
2024-07-14 12:15:00,14567.004,8375.155,396.44,6270.977,8771.595000000001,5795.409
2024-07-14 12:30:00,14557.259,8421.541,393.982,6281.162,8815.523,5741.736000000001
2024-07-14 12:45:00,14828.355,8754.063,393.046,6270.448,9147.109,5681.245999999999
2024-07-14 13:00:00,14852.328,8816.316,384.063,6237.063,9200.379,5651.948999999999
2024-07-14 13:15:00,14879.727,8948.001,335.001,6258.134,9283.002,5596.725
2024-07-14 13:30:00,15276.526,9094.27,371.044,6281.07,9465.314,5811.2119999999995
2024-07-14 13:45:00,15081.657,8723.471,386.684,6288.875,9110.154999999999,5971.502
2024-07-14 14:00:00,15079.747,8567.102,500.545,6285.749,9067.647,6012.0999999999985
2024-07-14 14:15:00,15330.301,8559.966,337.224,6285.464,8897.19,6433.110999999999
2024-07-14 14:30:00,15415.263,8434.084,247.603,6606.809,8681.687,6733.576000000001
2024-07-14 14:45:00,15379.005,8309.563,272.474,6745.353,8582.037,6796.967999999999
2024-07-14 15:00:00,15221.113,7946.642,310.376,6828.589,8257.018,6964.094999999999
2024-07-14 15:15:00,15423.077,7850.745,274.386,6774.723,8125.131,7297.945999999999
2024-07-14 15:30:00,15304.013,7520.662,331.396,6492.684,7852.058,7451.955000000001
2024-07-14 15:45:00,15280.95,7379.536,397.831,6794.632,7777.367,7503.5830000000005
2024-07-14 16:00:00,15405.347,7091.753,579.138,6808.98,7670.891,7734.456
2024-07-14 16:15:00,15291.04,6666.508,780.306,6806.688,7446.814,7844.226000000001
2024-07-14 16:30:00,15306.429,6481.006,773.118,6986.928,7254.124000000001,8052.304999999999
2024-07-14 16:45:00,15540.485,6246.617,775.384,7223.677,7022.001,8518.484
2024-07-14 17:00:00,15352.217,5562.96,707.366,7449.95,6270.326,9081.891
2024-07-14 17:15:00,15662.731,5187.182,569.488,7194.443,5756.67,9906.061
2024-07-14 17:30:00,15860.833,4766.057,486.994,7604.132,5253.0509999999995,10607.782000000001
2024-07-14 17:45:00,15874.272,4315.283,398.133,8454.163,4713.416,11160.856
2024-07-14 18:00:00,15806.918,3700.645,366.323,8618.766,4066.968,11739.95
2024-07-14 18:15:00,16029.885,3132.927,340.098,7571.201,3473.025,12556.86
2024-07-14 18:30:00,15946.64,2493.238,403.849,8364.199,2897.087,13049.553
2024-07-14 18:45:00,16123.476,2004.403,445.152,9279.131,2449.555,13673.921
2024-07-14 19:00:00,16397.676,1610.358,541.401,9903.541,2151.759,14245.917
2024-07-14 19:15:00,16461.83,1312.535,516.47,9846.371,1829.005,14632.825
2024-07-14 19:30:00,16644.822,1036.075,762.079,10154.871,1798.154,14846.668
2024-07-14 19:45:00,16495.799,783.409,735.9,10084.109,1519.309,14976.49
2024-07-14 20:00:00,16542.809,632.851,753.093,10525.678,1385.944,15156.865000000002
2024-07-14 20:15:00,16469.232,537.572,869.969,11095.918,1407.5410000000002,15061.690999999999
2024-07-14 20:30:00,16537.94,390.448,978.594,11018.586,1369.042,15168.898
2024-07-14 20:45:00,16636.896,246.642,919.246,10879.985,1165.888,15471.008000000002
2024-07-14 21:00:00,16494.236,126.204,946.751,10846.981,1072.955,15421.281
2024-07-14 21:15:00,16752.28,93.854,935.464,11065.348,1029.318,15722.962
2024-07-14 21:30:00,16468.467,0.0,972.168,11045.503,972.168,15496.299
2024-07-14 21:45:00,16493.363,0.0,1005.517,10836.943,1005.517,15487.846000000001
2024-07-14 22:00:00,16657.383,0.0,1161.219,10618.555,1161.219,15496.164
2024-07-14 22:15:00,16473.025,0.0,1232.86,9929.657,1232.86,15240.165
2024-07-14 22:30:00,16275.91,0.0,1398.024,9574.716,1398.024,14877.886
2024-07-14 22:45:00,15901.164,0.0,1383.657,9211.405,1383.657,14517.507000000001
2024-07-14 23:00:00,15637.181,0.0,1295.208,9150.904,1295.208,14341.973
2024-07-14 23:15:00,15376.504,0.0,1340.788,9608.915,1340.788,14035.716
2024-07-14 23:30:00,15057.549,0.0,1397.081,9061.997,1397.081,13660.468
2024-07-14 23:45:00,14756.038,0.0,1306.639,8778.673,1306.639,13449.399000000001
2024-07-15 00:00:00,14520.557,0.0,1341.968,8350.291,1341.968,13178.589
2024-07-15 00:15:00,14292.868,0.0,1325.037,8140.795,1325.037,12967.831
2024-07-15 00:30:00,14039.83,0.0,1303.74,7823.809,1303.74,12736.09
2024-07-15 00:45:00,13723.313,0.0,1320.832,7605.702,1320.832,12402.481
2024-07-15 01:00:00,13745.077,0.0,1272.524,7543.326,1272.524,12472.553
2024-07-15 01:15:00,13487.059,0.0,1200.047,8101.659,1200.047,12287.011999999999
2024-07-15 01:30:00,13410.355,0.0,1159.735,8062.992,1159.735,12250.619999999999
2024-07-15 01:45:00,13383.86,0.0,1225.914,7946.208,1225.914,12157.946
2024-07-15 02:00:00,13420.682,0.0,1169.984,7911.764,1169.984,12250.698
2024-07-15 02:15:00,13334.146,0.0,1146.527,7737.088,1146.527,12187.619
2024-07-15 02:30:00,13256.958,0.0,1148.7,7681.73,1148.7,12108.258
2024-07-15 02:45:00,13294.637,0.0,1067.837,7690.287,1067.837,12226.800000000001
2024-07-15 03:00:00,13166.997,0.0,1044.987,7701.456,1044.987,12122.009999999998
2024-07-15 03:15:00,13091.91,0.0,1018.458,7791.597,1018.458,12073.452
2024-07-15 03:30:00,13314.96,0.0,985.481,7852.003,985.481,12329.479
2024-07-15 03:45:00,13387.607,0.0,955.561,7916.415,955.561,12432.046
2024-07-15 04:00:00,13380.393,0.0,893.586,7982.301,893.586,12486.807
2024-07-15 04:15:00,13440.852,0.0,822.4,8382.901,822.4,12618.452000000001
2024-07-15 04:30:00,13443.485,0.0,785.173,8324.403,785.173,12658.312
2024-07-15 04:45:00,13636.334,142.699,717.387,8477.961,860.086,12776.248000000001
2024-07-15 05:00:00,13636.301,200.597,642.402,8646.077,842.999,12793.302
2024-07-15 05:15:00,13938.263,282.222,621.834,9144.968,904.0559999999999,13034.207
2024-07-15 05:30:00,14226.321,422.267,621.699,9176.772,1043.966,13182.355
2024-07-15 05:45:00,14507.089,612.738,584.852,9354.323,1197.5900000000001,13309.499
